employee_id,first_name,last_name,age,email,country,hire_date,working_remotely,salary,department
1,Grata,Chalkly,49,gchalkly0@cmu.edu,Indonesia,11/28/2014,true,7348.19 zł,Operations
2,Bertrand,Davidsen,35,bdavidsen1@live.com,Ukraine,7/5/2017,false,8168.73 zł,Finance
3,Carver,Taile,42,ctaile2@businessinsider.com,Japan,11/2/2022,true,9718.70 zł,Operations
4,Chaddie,Johnsson,19,cjohnsson3@gnu.org,China,7/29/2014,false,6605.02 zł,Marketing
5,Briant,Honnicott,45,bhonnicott4@barnesandnoble.com,Portugal,7/18/2018,true,5516.90 zł,Finance
6,Jerad,Cotterill,19,jcotterill5@bloomberg.com,Russia,8/23/2022,false,4535.25 zł,IT
7,Alla,Revance,43,arevance6@xinhuanet.com,Vietnam,11/12/2012,true,2610.75 zł,Marketing
8,Fleming,Klimkiewich,59,fklimkiewich7@yahoo.co.jp,Czech Republic,2/18/2017,true,7312.52 zł,Operations
9,Darius,Bachman,51,dbachman8@cmu.edu,China,10/31/2017,true,5808.36 zł,Marketing
10,Rorie,Houndson,28,rhoundson9@mashable.com,Dominican Republic,6/11/2015,false,8804.75 zł,IT
11,Morey,Simonson,55,msimonsona@chron.com,China,3/8/2020,false,9553.19 zł,IT
12,Eve,Marryatt,27,emarryattb@dion.ne.jp,Russia,6/20/2011,true,6179.15 zł,Marketing
13,Lauretta,Sterland,31,lsterlandc@theglobeandmail.com,Mexico,11/16/2010,false,6032.39 zł,Marketing
14,Anatola,Knox,38,aknoxd@alexa.com,El Salvador,9/23/2014,false,6135.70 zł,Marketing
15,Natty,Ledrun,31,nledrune@prlog.org,Russia,2/27/2012,false,5802.41 zł,Operations
16,Earl,Fussey,29,efusseyf@xinhuanet.com,China,7/24/2021,false,6964.28 zł,Marketing
17,Luke,Quilter,38,lquilterg@weather.com,Nigeria,4/30/2010,true,4293.72 zł,Finance
18,Dosi,Bisley,18,dbisleyh@opensource.org,Philippines,5/18/2012,false,9933.24 zł,Finance
19,Chickie,Aggs,62,caggsi@slate.com,China,7/28/2017,true,9779.32 zł,Finance
20,Danell,Cusick,29,dcusickj@omniture.com,Ukraine,8/21/2021,false,7779.40 zł,Marketing
21,Willetta,Leeb,35,wleebk@geocities.com,Thailand,4/17/2012,true,5155.45 zł,Marketing
22,Cyrus,Sheard,25,csheardl@ihg.com,Italy,11/10/2016,false,7533.91 zł,Finance
23,Sib,Pamplin,29,spamplinm@hud.gov,Brazil,3/4/2011,true,5483.02 zł,Operations
24,Karney,Artis,20,kartisn@cnn.com,Japan,8/28/2012,false,3289.17 zł,IT
25,Giovanni,Harmour,45,gharmouro@economist.com,Czech Republic,2/23/2022,false,9629.32 zł,Operations
26,Doralin,Ybarra,64,dybarrap@webnode.com,Ukraine,2/6/2010,true,5881.20 zł,Operations
27,Roderich,Djokic,28,rdjokicq@ning.com,Portugal,9/26/2010,false,4570.14 zł,Marketing
28,Howie,Langelay,29,hlangelayr@ca.gov,Morocco,7/24/2022,true,3094.03 zł,Operations
29,Hubie,Gosnell,61,hgosnells@dedecms.com,Peru,8/17/2019,true,2132.12 zł,Operations
30,Dickie,Rubinov,28,drubinovt@ning.com,United States,2/28/2017,false,4695.55 zł,Marketing
31,Zacherie,Melling,57,zmellingu@last.fm,Russia,5/30/2010,false,8488.01 zł,Finance
32,Dorothee,Yetts,65,dyettsv@fastcompany.com,Sweden,3/9/2020,true,4459.38 zł,Operations
33,Darryl,Priter,54,dpriterw@booking.com,China,3/6/2012,false,7155.59 zł,Marketing
34,Moises,Kalkofen,21,mkalkofenx@wikispaces.com,Sweden,6/24/2010,true,2784.92 zł,IT
35,Norrie,Twinberrow,34,ntwinberrowy@guardian.co.uk,Guatemala,5/29/2017,false,8644.72 zł,Operations
36,Calv,Twigge,35,ctwiggez@bigcartel.com,Indonesia,5/16/2014,true,4701.64 zł,IT
37,Timmy,Cato,58,tcato10@last.fm,Brazil,4/10/2012,true,3892.67 zł,Marketing
38,Rosemarie,Dunstan,46,rdunstan11@fastcompany.com,Indonesia,3/29/2011,true,3558.65 zł,Marketing
39,Hamlin,Dunton,28,hdunton12@nasa.gov,Serbia,8/9/2012,false,7165.40 zł,Finance
40,Oriana,Souter,25,osouter13@hatena.ne.jp,Indonesia,4/4/2016,true,8984.57 zł,Marketing
41,Tanya,Korlat,24,tkorlat14@desdev.cn,China,1/3/2011,true,3396.83 zł,Marketing
42,Sophey,Maes,29,smaes15@msu.edu,Bulgaria,7/17/2016,false,8578.67 zł,Finance
43,Saloma,Christene,27,schristene16@tumblr.com,Croatia,11/13/2014,false,3826.61 zł,Operations
44,Desiree,Prozescky,28,dprozescky17@cafepress.com,Russia,12/19/2017,false,4448.00 zł,Finance
45,Pris,Harp,54,pharp18@yellowbook.com,Portugal,7/3/2020,false,4571.81 zł,Operations
46,Hedwig,Colbert,32,hcolbert19@cdc.gov,China,1/23/2016,true,5261.21 zł,Marketing
47,Alejoa,Boule,41,aboule1a@printfriendly.com,Libya,9/5/2011,true,4851.82 zł,IT
48,Gordan,Venart,64,gvenart1b@chicagotribune.com,Indonesia,5/5/2013,false,5695.53 zł,Marketing
49,Prentice,Gladwin,29,pgladwin1c@loc.gov,Guatemala,11/4/2012,true,8177.20 zł,IT
50,Kristian,Lempke,29,klempke1d@nba.com,Guinea,12/10/2017,false,9457.08 zł,Finance
51,Christiane,Seman,25,cseman1e@freewebs.com,Indonesia,6/9/2018,true,7559.89 zł,Operations
52,Nobie,Dalgety,33,ndalgety1f@printfriendly.com,Russia,6/9/2020,false,7055.87 zł,Finance
53,Penn,Jennings,43,pjennings1g@cdc.gov,China,12/30/2013,false,2894.53 zł,Marketing
54,Daisey,Farres,47,dfarres1h@amazon.co.jp,China,5/8/2022,false,6769.61 zł,IT
55,Carolin,Kezourec,52,ckezourec1i@apache.org,China,2/12/2021,false,3963.51 zł,Marketing
56,Findley,Farrand,22,ffarrand1j@arizona.edu,China,3/23/2017,true,7156.87 zł,Finance
57,Page,Sercombe,23,psercombe1k@blogs.com,Indonesia,11/4/2011,true,3629.78 zł,Operations
58,Hiram,Seydlitz,18,hseydlitz1l@wired.com,Japan,7/28/2016,false,8248.83 zł,Finance
59,Dag,McKinlay,20,dmckinlay1m@earthlink.net,Indonesia,2/19/2014,true,6643.05 zł,Finance
60,Lurleen,Welbelove,35,lwelbelove1n@w3.org,Colombia,1/2/2017,true,8172.11 zł,Finance
61,Suzanna,Nairn,26,snairn1o@vinaora.com,Angola,11/23/2013,true,3084.30 zł,IT
62,Danella,Houndesome,50,dhoundesome1p@ezinearticles.com,Haiti,10/3/2017,false,2667.33 zł,IT
63,Nikolas,Lownsbrough,20,nlownsbrough1q@tumblr.com,Japan,11/6/2017,false,2116.57 zł,Marketing
64,Marris,Pegden,64,mpegden1r@godaddy.com,China,11/8/2019,false,4018.16 zł,IT
65,Brewster,Rotherforth,18,brotherforth1s@marriott.com,Argentina,2/21/2020,false,7826.36 zł,Marketing
66,Wernher,Nesby,56,wnesby1t@symantec.com,Portugal,3/2/2022,true,3942.38 zł,Marketing
67,Basia,Coundley,38,bcoundley1u@dagondesign.com,Portugal,8/8/2014,false,7861.20 zł,Marketing
68,Meier,Walters,65,mwalters1v@slashdot.org,Papua New Guinea,6/4/2014,true,9542.76 zł,Finance
69,Jarrod,Farge,65,jfarge1w@toplist.cz,Poland,3/23/2019,true,9393.49 zł,Marketing
70,Frazer,Hassard,55,fhassard1x@cafepress.com,Ukraine,2/9/2013,true,8969.29 zł,IT
71,Richie,Le feaver,28,rlefeaver1y@gmpg.org,Gabon,12/26/2015,false,4379.53 zł,Finance
72,Giana,Gronw,31,ggronw1z@over-blog.com,China,10/25/2020,true,3275.10 zł,IT
73,Mikaela,Chazotte,26,mchazotte20@wsj.com,Russia,4/3/2016,true,3199.79 zł,Finance
74,Audrey,Spears,47,aspears21@chron.com,Philippines,11/30/2021,true,9745.57 zł,IT
75,Lettie,Dewes,51,ldewes22@gnu.org,Indonesia,2/10/2020,true,3180.61 zł,Finance
76,Durant,Ellens,22,dellens23@utexas.edu,Indonesia,9/22/2010,true,6846.98 zł,Finance
77,Marci,Smorthit,41,msmorthit24@rakuten.co.jp,Finland,8/18/2014,false,9547.39 zł,Operations
78,Knox,Keasley,53,kkeasley25@addthis.com,Netherlands,2/1/2019,true,9115.99 zł,Operations
79,Reider,Beneze,65,rbeneze26@telegraph.co.uk,Sweden,8/21/2017,true,8977.00 zł,Marketing
80,Vassili,Fulmen,35,vfulmen27@bloglovin.com,Indonesia,6/8/2016,true,4583.84 zł,Operations
81,Enoch,Templar,21,etemplar28@flickr.com,Brazil,12/9/2013,true,3024.15 zł,Marketing
82,Kincaid,Ings,30,kings29@ca.gov,Brazil,12/28/2021,true,8384.65 zł,Finance
83,Elisa,Pagitt,29,epagitt2a@nbcnews.com,Indonesia,12/15/2010,true,4003.50 zł,Marketing
84,Martina,Stebbin,49,mstebbin2b@jalbum.net,Malaysia,5/26/2011,true,9300.02 zł,Finance
85,Katya,Breydin,20,kbreydin2c@webs.com,Indonesia,11/11/2016,true,3546.30 zł,Finance
86,Cyrille,Luna,18,cluna2d@imgur.com,Ukraine,5/28/2017,false,3507.24 zł,Finance
87,Darelle,Boulter,53,dboulter2e@nih.gov,Honduras,6/11/2013,false,4891.70 zł,Marketing
88,Grayce,Algeo,58,galgeo2f@w3.org,United States,3/10/2016,true,3848.91 zł,IT
89,Cinda,Burniston,56,cburniston2g@cyberchimps.com,China,10/18/2012,true,7402.00 zł,IT
90,Tomkin,Keeting,22,tkeeting2h@bing.com,Indonesia,11/19/2014,false,5722.77 zł,Operations
91,Leelah,Lehrer,50,llehrer2i@ycombinator.com,Brazil,9/16/2017,true,7514.82 zł,IT
92,Rochester,Bhatia,60,rbhatia2j@ow.ly,Argentina,12/20/2015,true,8252.06 zł,Operations
93,Abelard,Stoakes,35,astoakes2k@apache.org,China,1/29/2016,false,8379.54 zł,IT
94,Kerr,Follet,54,kfollet2l@usa.gov,Cameroon,3/26/2010,false,9182.46 zł,Marketing
95,Karole,Allder,28,kallder2m@qq.com,China,1/17/2015,false,7650.90 zł,Finance
96,Sydney,Cassella,21,scassella2n@usgs.gov,South Africa,7/17/2013,false,3745.63 zł,IT
97,Keslie,Chittleburgh,46,kchittleburgh2o@ask.com,Sweden,7/17/2016,false,4831.08 zł,IT
98,Auria,Tomney,55,atomney2p@icq.com,Philippines,4/20/2012,false,2886.78 zł,Finance
99,Ive,Nicklinson,33,inicklinson2q@pbs.org,Syria,8/14/2018,false,4356.16 zł,Marketing
100,Jase,Koeppke,64,jkoeppke2r@who.int,United States,8/5/2022,true,2232.89 zł,Marketing
101,Cullin,Shillito,59,cshillito2s@hao123.com,Peru,5/29/2014,false,5817.23 zł,Operations
102,Melodee,Deeming,24,mdeeming2t@ameblo.jp,Denmark,8/30/2013,true,4684.99 zł,IT
103,Belia,Cawley,33,bcawley2u@ycombinator.com,Sweden,11/29/2012,true,4785.75 zł,Finance
104,Tedda,Noller,61,tnoller2v@taobao.com,Belarus,5/5/2021,false,9601.13 zł,Operations
105,Tuckie,Yakhin,63,tyakhin2w@sourceforge.net,Brazil,4/20/2016,false,9743.70 zł,Finance
106,Timmy,Dealtry,20,tdealtry2x@google.com.au,Morocco,7/30/2021,false,3453.26 zł,Operations
107,Melisa,Coxhead,45,mcoxhead2y@linkedin.com,China,9/5/2012,false,2429.83 zł,Marketing
108,Laryssa,Elleyne,35,lelleyne2z@constantcontact.com,Brazil,1/19/2011,true,4633.70 zł,Marketing
109,Frances,Chastan,64,fchastan30@miibeian.gov.cn,Peru,12/27/2022,true,8784.07 zł,IT
110,Linn,Curson,24,lcurson31@patch.com,China,7/13/2020,true,8770.51 zł,Marketing
111,Melvin,Roskam,27,mroskam32@addtoany.com,Dominican Republic,4/28/2015,false,6034.47 zł,Operations
112,Zelig,Elmore,32,zelmore33@youtu.be,Indonesia,10/5/2017,true,7924.79 zł,IT
113,Rosette,Laurant,54,rlaurant34@qq.com,Japan,11/9/2017,true,7506.54 zł,Marketing
114,Filia,Gasticke,20,fgasticke35@ucsd.edu,Vietnam,3/30/2011,true,4456.48 zł,Operations
115,Jake,Attrie,47,jattrie36@technorati.com,China,8/7/2021,false,7854.48 zł,Marketing
116,Isa,Josilowski,33,ijosilowski37@latimes.com,Tanzania,4/17/2021,false,2591.10 zł,Finance
117,Chandler,Elsby,40,celsby38@desdev.cn,China,9/20/2010,true,7368.23 zł,IT
118,Walden,Kubasek,62,wkubasek39@mtv.com,China,7/28/2016,true,5504.76 zł,Operations
119,Ashley,Kenefick,55,akenefick3a@bloglines.com,China,7/22/2018,true,3200.41 zł,Operations
120,Zechariah,Mundy,24,zmundy3b@berkeley.edu,Tanzania,7/13/2014,false,6284.78 zł,Operations
121,Bert,Havile,28,bhavile3c@google.com.hk,Nigeria,8/4/2010,false,4120.94 zł,IT
122,Angy,Haddleton,48,ahaddleton3d@youtu.be,Uganda,4/18/2019,false,7030.95 zł,IT
123,Bron,Rosterne,59,brosterne3e@barnesandnoble.com,Nicaragua,12/24/2015,true,7369.21 zł,Marketing
124,Gustie,Mirfield,33,gmirfield3f@jugem.jp,France,8/19/2022,true,5945.00 zł,Operations
125,Law,Karlowicz,62,lkarlowicz3g@booking.com,Malaysia,8/21/2011,true,4022.21 zł,IT
126,Archie,Yeeles,34,ayeeles3h@sina.com.cn,China,3/21/2014,true,7273.78 zł,Operations
127,Lynnelle,Syddall,64,lsyddall3i@blogspot.com,Brazil,7/25/2017,false,4896.72 zł,Marketing
128,Emmy,Pass,51,epass3j@paginegialle.it,China,8/3/2011,false,6810.93 zł,Operations
129,Melosa,Wallicker,37,mwallicker3k@amazon.de,Czech Republic,8/23/2014,false,7292.73 zł,Finance
130,Christa,Hincham,29,chincham3l@ucsd.edu,Israel,7/27/2014,false,6516.40 zł,IT
131,Cole,Jakel,62,cjakel3m@last.fm,Denmark,1/12/2014,false,8502.85 zł,Marketing
132,Fidel,Paty,55,fpaty3n@independent.co.uk,Niger,4/25/2011,false,8624.23 zł,Marketing
133,Karole,Jost,43,kjost3o@japanpost.jp,Poland,2/23/2019,false,7015.77 zł,Finance
134,Yorgo,Alner,65,yalner3p@ustream.tv,Morocco,1/7/2015,true,4485.64 zł,Operations
135,Dore,Polglaze,53,dpolglaze3q@ftc.gov,Canada,1/27/2018,true,9506.67 zł,Marketing
136,Pepe,Greenwood,61,pgreenwood3r@yolasite.com,China,6/14/2020,true,9531.65 zł,Marketing
137,Seumas,Celloni,53,scelloni3s@toplist.cz,Belarus,6/11/2018,true,9527.69 zł,Operations
138,Dilly,Neggrini,27,dneggrini3t@discovery.com,China,2/29/2020,true,3401.05 zł,Operations
139,Luigi,Somers,54,lsomers3u@illinois.edu,Portugal,7/19/2017,true,7987.66 zł,Marketing
140,Minor,Delaney,22,mdelaney3v@icio.us,Lithuania,11/5/2012,true,5794.09 zł,Marketing
141,Isidro,Anelay,26,ianelay3w@4shared.com,Portugal,2/23/2016,false,5852.32 zł,Marketing
142,Kandy,Blunt,24,kblunt3x@dion.ne.jp,Belarus,5/31/2021,true,8512.68 zł,Finance
143,Dana,Alderwick,36,dalderwick3y@sogou.com,Tunisia,1/8/2010,false,7030.83 zł,Marketing
144,Beauregard,Orred,57,borred3z@mashable.com,Portugal,11/21/2015,true,8722.11 zł,Marketing
145,Donni,Noblett,48,dnoblett40@blog.com,France,7/27/2013,false,9211.21 zł,Marketing
146,Ilka,Norcliffe,28,inorcliffe41@sakura.ne.jp,Burkina Faso,9/11/2013,true,4008.98 zł,Operations
147,Bird,Yarrall,20,byarrall42@de.vu,China,10/26/2013,true,5397.11 zł,Operations
148,Sabine,Faulkener,44,sfaulkener43@aboutads.info,Pakistan,4/16/2020,false,9102.82 zł,IT
149,Saloma,MacFadzean,52,smacfadzean44@foxnews.com,Cuba,8/17/2017,true,9999.11 zł,Operations
150,Wainwright,Mitton,41,wmitton45@about.me,Philippines,7/6/2022,false,4183.62 zł,Finance
151,Tremayne,Davidek,53,tdavidek46@howstuffworks.com,Indonesia,9/20/2015,true,5322.04 zł,IT
152,Terrijo,Highton,50,thighton47@biblegateway.com,Czech Republic,1/12/2011,false,7936.12 zł,Finance
153,Danita,Nisuis,18,dnisuis48@nih.gov,China,2/18/2011,true,6181.99 zł,IT
154,Adrianna,Everwin,63,aeverwin49@fc2.com,China,5/24/2022,true,5069.55 zł,IT
155,Maximilian,Sollitt,31,msollitt4a@jiathis.com,Ukraine,10/9/2020,true,6436.16 zł,Operations
156,Kareem,Cromack,24,kcromack4b@hhs.gov,El Salvador,1/28/2016,true,7253.89 zł,Finance
157,Lotta,Pursey,20,lpursey4c@google.com,Libya,3/30/2010,false,2546.77 zł,Marketing
158,Roby,Brewett,41,rbrewett4d@ebay.com,Czech Republic,4/2/2017,false,7846.31 zł,Finance
159,Jerrie,Pendell,51,jpendell4e@toplist.cz,Mexico,7/6/2019,false,9596.94 zł,Marketing
160,Gilbert,Stokell,50,gstokell4f@constantcontact.com,China,8/23/2013,true,6226.71 zł,Operations
161,Fairlie,Piris,47,fpiris4g@si.edu,China,3/15/2020,false,5702.86 zł,Operations
162,Ky,Cockrem,50,kcockrem4h@xrea.com,Sweden,10/22/2010,false,3529.31 zł,Finance
163,Evania,Toffolo,51,etoffolo4i@foxnews.com,Croatia,11/4/2022,true,9345.81 zł,Operations
164,Doretta,Deuss,21,ddeuss4j@tripadvisor.com,Belarus,2/25/2015,true,5773.86 zł,Finance
165,Fianna,Reason,50,freason4k@mozilla.com,Thailand,5/18/2020,false,7622.32 zł,IT
166,Huntley,Blose,65,hblose4l@soundcloud.com,Israel,6/12/2012,true,6278.32 zł,IT
167,Sallyann,Lehemann,58,slehemann4m@gizmodo.com,United States,1/19/2021,false,4581.24 zł,IT
168,Clemmie,Goulstone,53,cgoulstone4n@t.co,China,9/24/2020,true,5786.46 zł,IT
169,Arnaldo,Bonifazio,49,abonifazio4o@mlb.com,Malta,6/18/2014,false,3040.03 zł,Marketing
170,Susanne,Habbes,19,shabbes4p@miibeian.gov.cn,Guadeloupe,9/1/2015,false,8676.61 zł,Operations
171,Charlena,Mathivet,57,cmathivet4q@slashdot.org,Brazil,2/1/2015,true,6768.09 zł,Operations
172,Sherwood,Flegg,48,sflegg4r@netlog.com,China,6/25/2019,false,3220.94 zł,IT
173,Floyd,Roy,48,froy4s@state.tx.us,China,8/28/2015,false,2460.41 zł,Marketing
174,Cleve,Rollings,26,crollings4t@addthis.com,Poland,7/29/2021,true,6061.41 zł,Operations
175,Hally,Brockwell,53,hbrockwell4u@cdbaby.com,Mongolia,9/1/2022,true,7377.02 zł,IT
176,Cleveland,Kleisel,33,ckleisel4v@scientificamerican.com,Russia,2/9/2015,false,5245.68 zł,IT
177,Austin,Lobbe,55,alobbe4w@hao123.com,China,12/6/2022,true,2679.45 zł,IT
178,Margalo,Sandeland,41,msandeland4x@sohu.com,Russia,12/15/2015,true,5859.63 zł,Finance
179,Datha,Phillp,59,dphillp4y@mtv.com,China,10/18/2018,true,8828.52 zł,Marketing
180,Salvatore,Devers,36,sdevers4z@unesco.org,Honduras,1/4/2022,true,3526.75 zł,IT
181,Oberon,Dyhouse,41,odyhouse50@mapy.cz,Lithuania,7/11/2021,true,8309.62 zł,Marketing
182,Izak,Clutheram,62,iclutheram51@about.com,Indonesia,4/4/2017,true,4582.83 zł,Marketing
183,Marylinda,Thomas,47,mthomas52@geocities.com,Greece,11/14/2015,false,7214.99 zł,IT
184,Britta,Glozman,38,bglozman53@blogger.com,Thailand,4/23/2017,false,5090.57 zł,Operations
185,Alethea,Scholig,48,ascholig54@123-reg.co.uk,China,4/30/2014,true,4573.68 zł,IT
186,Warden,Harker,36,wharker55@purevolume.com,Russia,9/8/2018,false,9232.96 zł,IT
187,Gregoor,Druery,56,gdruery56@yellowpages.com,Russia,7/20/2015,true,5465.54 zł,IT
188,Sibilla,Glasman,29,sglasman57@phoca.cz,Indonesia,8/14/2015,false,2618.64 zł,IT
189,Steffen,Furst,39,sfurst58@csmonitor.com,China,1/13/2016,true,8271.45 zł,Marketing
190,Juan,Mattingly,56,jmattingly59@4shared.com,Philippines,11/4/2010,true,2890.93 zł,Finance
191,Inge,Dikelin,20,idikelin5a@wufoo.com,China,10/2/2015,true,8044.80 zł,IT
192,Lilas,Alldis,40,lalldis5b@feedburner.com,Cyprus,7/25/2018,false,8257.17 zł,IT
193,Maggee,Tattershaw,42,mtattershaw5c@ameblo.jp,United States,1/15/2018,false,3304.19 zł,Finance
194,Martainn,Willmett,43,mwillmett5d@goodreads.com,China,4/17/2018,true,3289.64 zł,IT
195,Whitby,Plumridege,51,wplumridege5e@naver.com,Peru,2/1/2010,true,6354.11 zł,Operations
196,Marisa,Barabisch,43,mbarabisch5f@yellowbook.com,Philippines,9/11/2015,true,4844.43 zł,Marketing
197,Corey,Ayre,30,cayre5g@goo.ne.jp,Pakistan,9/7/2017,false,3906.08 zł,Finance
198,Georgette,Creebo,29,gcreebo5h@pagesperso-orange.fr,China,4/12/2013,true,2047.80 zł,IT
199,Dita,Kennan,25,dkennan5i@facebook.com,Russia,7/11/2015,true,2982.43 zł,Finance
200,Ferdinand,Pease,53,fpease5j@about.me,Indonesia,1/13/2014,true,3893.67 zł,Finance
201,Ritchie,Thorold,44,rthorold5k@nature.com,Czech Republic,2/13/2020,true,5027.00 zł,Marketing
202,Jephthah,Dimitrescu,36,jdimitrescu5l@dedecms.com,China,7/18/2014,true,2460.27 zł,Finance
203,Gustave,Tomkiss,39,gtomkiss5m@google.co.uk,China,6/9/2015,false,9721.84 zł,Marketing
204,Elie,Ybarra,24,eybarra5n@nifty.com,Poland,1/30/2013,false,5561.23 zł,Marketing
205,Kelila,Boss,51,kboss5o@cnet.com,Thailand,3/10/2020,false,9285.67 zł,Operations
206,Emelia,Rotte,36,erotte5p@artisteer.com,Indonesia,5/6/2013,true,2274.38 zł,IT
207,Evangeline,Stodhart,62,estodhart5q@ning.com,China,5/7/2017,true,8549.87 zł,Finance
208,Dilan,Seabridge,55,dseabridge5r@networkadvertising.org,Armenia,10/3/2013,false,6991.13 zł,Marketing
209,Rudolfo,Sivess,62,rsivess5s@tripod.com,Indonesia,10/24/2010,false,9674.42 zł,Finance
210,Elana,Edwinson,28,eedwinson5t@marketwatch.com,Pakistan,6/28/2020,true,5359.74 zł,IT
211,Creigh,Breward,58,cbreward5u@newsvine.com,Germany,8/18/2020,true,4913.27 zł,IT
212,Dierdre,McKerron,34,dmckerron5v@sphinn.com,Brazil,9/11/2013,true,7351.41 zł,IT
213,Ardenia,Wissby,53,awissby5w@instagram.com,Kazakhstan,7/1/2016,true,6088.29 zł,Operations
214,Lucia,Huckstepp,52,lhuckstepp5x@dyndns.org,Ethiopia,12/17/2014,false,5174.17 zł,IT
215,Elyssa,Lavrinov,35,elavrinov5y@woothemes.com,Indonesia,8/10/2016,true,8318.29 zł,Operations
216,Joe,Allaker,65,jallaker5z@prlog.org,Afghanistan,9/20/2010,true,8087.15 zł,Operations
217,Darby,Ellesworth,34,dellesworth60@samsung.com,Greece,9/1/2018,true,2909.59 zł,Finance
218,Ciel,Chrisp,56,cchrisp61@apple.com,China,2/14/2012,false,5364.55 zł,Marketing
219,Phillis,Laughtisse,26,plaughtisse62@arstechnica.com,China,8/29/2013,false,2463.76 zł,Operations
220,Amara,De Bruijne,38,adebruijne63@shop-pro.jp,Czech Republic,12/1/2010,false,7935.71 zł,Operations
221,Leonardo,Showt,65,lshowt64@spiegel.de,Pakistan,10/10/2016,true,2554.06 zł,IT
222,Lou,Bellwood,21,lbellwood65@wix.com,Indonesia,11/13/2013,true,7252.64 zł,Marketing
223,Clarke,Quinevan,32,cquinevan66@statcounter.com,Russia,8/23/2021,false,9366.70 zł,Finance
224,Danella,Ickov,29,dickov67@vimeo.com,Brazil,3/26/2017,false,7029.80 zł,Finance
225,Dick,Trew,19,dtrew68@xrea.com,Benin,3/18/2016,true,9332.45 zł,Marketing
226,Megan,Bostock,39,mbostock69@chronoengine.com,Egypt,2/10/2017,false,8266.45 zł,Finance
227,Brandon,Tschiersch,62,btschiersch6a@hao123.com,Denmark,10/14/2012,false,6663.91 zł,Operations
228,Valentin,Phidgin,52,vphidgin6b@deliciousdays.com,China,8/25/2012,true,8072.79 zł,Marketing
229,Sonny,Poter,57,spoter6c@biblegateway.com,Ethiopia,11/15/2011,false,6071.88 zł,Operations
230,Salim,Starbucke,30,sstarbucke6d@amazon.com,Russia,1/28/2011,false,8069.29 zł,Finance
231,Ross,Gain,29,rgain6e@unc.edu,Portugal,6/13/2020,false,8978.23 zł,IT
232,Carney,Wakeham,35,cwakeham6f@is.gd,Philippines,8/13/2017,false,5990.15 zł,IT
233,Collie,Faulo,37,cfaulo6g@noaa.gov,Ukraine,10/3/2016,true,3565.13 zł,Marketing
234,Mickie,Jacquest,20,mjacquest6h@last.fm,East Timor,3/5/2018,false,7607.48 zł,Finance
235,Alejandrina,MacKaile,40,amackaile6i@geocities.jp,Argentina,12/31/2010,true,7835.63 zł,Operations
236,Nelli,Jonke,22,njonke6j@mapquest.com,Indonesia,3/7/2013,false,8200.90 zł,IT
237,Penelope,Sprasen,22,psprasen6k@amazon.co.jp,Serbia,11/11/2022,false,2738.03 zł,Finance
238,Chaddy,Chester,55,cchester6l@weebly.com,Japan,7/6/2021,true,5080.47 zł,Operations
239,Romain,Jolland,31,rjolland6m@yale.edu,Indonesia,5/26/2022,false,3812.22 zł,Marketing
240,Rafferty,Summerell,29,rsummerell6n@nifty.com,Greece,5/9/2015,true,4570.54 zł,Operations
241,Micky,Raoul,56,mraoul6o@so-net.ne.jp,Indonesia,6/11/2018,true,7831.22 zł,Operations
242,Eleonore,Towndrow,42,etowndrow6p@marketwatch.com,Poland,2/8/2022,true,6442.18 zł,IT
243,Giovanni,Haill,43,ghaill6q@jalbum.net,Indonesia,6/12/2022,true,4338.19 zł,IT
244,Justinian,Heynen,45,jheynen6r@quantcast.com,Spain,11/10/2016,true,3470.63 zł,Operations
245,Paulie,Ebhardt,32,pebhardt6s@ow.ly,France,12/27/2016,false,7607.29 zł,IT
246,Hurley,Ceillier,34,hceillier6t@list-manage.com,Poland,1/4/2013,false,7257.93 zł,Marketing
247,Erin,Engledow,47,eengledow6u@bigcartel.com,Indonesia,7/20/2022,false,7545.21 zł,Finance
248,Aloise,Overstone,52,aoverstone6v@youku.com,Russia,7/17/2013,false,2731.68 zł,Finance
249,Andria,Bunn,22,abunn6w@studiopress.com,Thailand,7/10/2022,true,9717.65 zł,Marketing
250,Kacey,Keepence,37,kkeepence6x@ustream.tv,China,8/18/2018,false,9353.62 zł,IT
251,Rafaellle,Cissen,49,rcissen6y@sphinn.com,Sweden,11/1/2013,true,8815.01 zł,Marketing
252,Karla,Perritt,44,kperritt6z@flickr.com,China,2/2/2017,true,2303.19 zł,IT
253,Neysa,Conaghan,31,nconaghan70@blogtalkradio.com,Indonesia,10/19/2022,true,6338.69 zł,Finance
254,Ernesta,Hanvey,63,ehanvey71@salon.com,Indonesia,6/23/2013,true,2900.21 zł,Finance
255,Arne,Saller,40,asaller72@epa.gov,China,2/19/2010,false,7264.08 zł,Operations
256,Felicle,Cowpertwait,38,fcowpertwait73@google.es,Peru,9/26/2010,true,2450.15 zł,Marketing
257,Rogers,Stancliffe,46,rstancliffe74@dmoz.org,China,6/20/2014,false,4617.35 zł,Operations
258,Maitilde,Prime,42,mprime75@infoseek.co.jp,Afghanistan,3/30/2020,false,2170.40 zł,IT
259,Rice,Reiglar,42,rreiglar76@ft.com,Brazil,4/6/2020,true,5525.09 zł,Marketing
260,Corri,Petrus,28,cpetrus77@toplist.cz,Sweden,12/2/2015,false,7606.06 zł,Finance
261,Herold,Fassam,54,hfassam78@aboutads.info,Brazil,5/18/2022,true,8814.03 zł,Operations
262,Fawn,McKnockiter,33,fmcknockiter79@deviantart.com,Colombia,11/23/2015,false,5721.80 zł,Finance
263,Loraine,Algy,19,lalgy7a@google.co.uk,Cuba,6/9/2021,false,4237.09 zł,Operations
264,Misti,Grut,52,mgrut7b@archive.org,Indonesia,5/10/2018,false,5030.70 zł,Operations
265,Ede,Treble,46,etreble7c@indiegogo.com,Malaysia,7/20/2014,true,3250.41 zł,Finance
266,Nikolas,Nevitt,25,nnevitt7d@github.io,Indonesia,2/24/2018,true,2996.60 zł,IT
267,Felicia,Wholesworth,52,fwholesworth7e@biblegateway.com,Nepal,8/26/2022,true,4791.84 zł,Finance
268,Cordy,Winchcombe,41,cwinchcombe7f@artisteer.com,China,1/23/2017,true,5149.27 zł,Marketing
269,Jobey,Ulrik,59,julrik7g@prweb.com,Thailand,6/4/2019,true,5138.12 zł,Operations
270,Ulrikaumeko,Hubbocks,23,uhubbocks7h@com.com,China,12/30/2010,true,2944.08 zł,Marketing
271,Bev,Way,35,bway7i@elegantthemes.com,China,3/24/2015,false,5684.46 zł,Marketing
272,Clayborne,Matthius,24,cmatthius7j@tamu.edu,Argentina,6/4/2012,true,2710.86 zł,Marketing
273,Torrey,Heiton,37,theiton7k@squidoo.com,Germany,9/18/2017,true,4742.41 zł,Marketing
274,Aharon,Cremins,32,acremins7l@narod.ru,Iran,3/29/2012,true,9173.75 zł,IT
275,Josh,Burhill,53,jburhill7m@vkontakte.ru,Malaysia,5/18/2019,false,4453.16 zł,Finance
276,Jordanna,Neicho,21,jneicho7n@xing.com,Philippines,1/29/2015,true,2442.62 zł,Marketing
277,Cyndi,Citrine,55,ccitrine7o@tamu.edu,Ukraine,6/23/2012,true,8805.59 zł,Operations
278,Brittany,Bobasch,32,bbobasch7p@macromedia.com,Norway,1/10/2017,true,2406.96 zł,IT
279,Catherin,McElvogue,64,cmcelvogue7q@dropbox.com,Zimbabwe,7/13/2018,false,6989.54 zł,Operations
280,Tait,Breawood,50,tbreawood7r@privacy.gov.au,Ukraine,5/30/2019,true,5059.26 zł,Operations
281,Michele,Burgisi,47,mburgisi7s@vimeo.com,Philippines,5/7/2020,false,6404.07 zł,Marketing
282,Gil,Keijser,62,gkeijser7t@webeden.co.uk,Brazil,1/12/2012,true,3021.47 zł,Finance
283,Clio,Slorach,33,cslorach7u@salon.com,Russia,8/17/2011,false,8160.09 zł,Operations
284,Hilliard,Mowen,31,hmowen7v@cnbc.com,Poland,5/12/2015,true,9133.39 zł,Marketing
285,Ginger,Maynard,25,gmaynard7w@bbb.org,Australia,3/23/2014,false,7670.92 zł,Operations
286,Candace,Strank,62,cstrank7x@oaic.gov.au,Netherlands,7/28/2011,false,6456.46 zł,IT
287,Cleon,Ofield,19,cofield7y@prnewswire.com,Philippines,4/1/2020,false,5234.60 zł,Marketing
288,Ruth,Sowerby,22,rsowerby7z@amazon.co.uk,Belarus,5/30/2022,false,3867.40 zł,IT
289,Blondelle,Edkins,29,bedkins80@whitehouse.gov,Vietnam,9/4/2011,true,6165.45 zł,Finance
290,Suzi,Wroth,49,swroth81@wp.com,Venezuela,5/6/2020,false,7933.96 zł,Operations
291,Grace,Maddy,30,gmaddy82@sbwire.com,Poland,11/18/2017,false,8705.11 zł,Marketing
292,Clementius,Gatling,21,cgatling83@symantec.com,France,1/13/2010,true,2839.80 zł,Marketing
293,Karl,Meddings,18,kmeddings84@shinystat.com,Philippines,10/21/2017,true,4011.92 zł,Finance
294,Ebony,Toy,29,etoy85@is.gd,Philippines,7/16/2013,false,9632.53 zł,Finance
295,Matthieu,Marrow,54,mmarrow86@pbs.org,China,1/14/2017,true,7784.80 zł,IT
296,Brina,Goathrop,42,bgoathrop87@noaa.gov,Belarus,3/27/2012,false,6873.32 zł,Finance
297,Devlin,Arnowicz,34,darnowicz88@youtu.be,Israel,12/10/2017,true,7829.07 zł,Finance
298,Beverly,Hotson,59,bhotson89@admin.ch,China,9/1/2016,true,9705.40 zł,IT
299,Bev,Alesio,26,balesio8a@i2i.jp,Philippines,11/15/2013,true,7813.93 zł,IT
300,Ranna,Armand,35,rarmand8b@bloglovin.com,Tanzania,11/10/2017,false,2159.85 zł,IT
301,Augy,Maddie,22,amaddie8c@sphinn.com,Indonesia,4/13/2014,true,7783.80 zł,Operations
302,Nolie,Signe,65,nsigne8d@geocities.com,China,2/25/2020,false,4852.10 zł,IT
303,Clayson,Kamen,60,ckamen8e@illinois.edu,Bulgaria,1/23/2018,true,7887.82 zł,Marketing
304,Fielding,Clampe,22,fclampe8f@typepad.com,Macedonia,1/9/2014,true,9262.02 zł,IT
305,Tim,Tovey,43,ttovey8g@hugedomains.com,Colombia,12/21/2017,true,7588.28 zł,Finance
306,Gregor,Handasyde,63,ghandasyde8h@nsw.gov.au,China,12/8/2020,true,6282.56 zł,Marketing
307,Candy,Culwen,36,cculwen8i@sciencedaily.com,China,10/11/2019,false,8652.43 zł,Operations
308,Alyse,Douris,18,adouris8j@newsvine.com,Chile,3/22/2010,false,8074.08 zł,Finance
309,Fredia,Oscroft,54,foscroft8k@elegantthemes.com,Indonesia,7/10/2010,true,5531.82 zł,IT
310,Dalli,Cramphorn,25,dcramphorn8l@hc360.com,Indonesia,6/15/2012,true,8803.16 zł,Finance
311,Ganny,Autie,45,gautie8m@biglobe.ne.jp,China,5/28/2016,false,2053.05 zł,Operations
312,Esta,Bertome,19,ebertome8n@chicagotribune.com,China,7/18/2013,false,9063.14 zł,Finance
313,Roxie,Wogdon,63,rwogdon8o@wufoo.com,China,5/7/2010,true,7821.79 zł,Marketing
314,Phil,Camilleri,52,pcamilleri8p@phoca.cz,China,10/8/2017,false,4980.73 zł,Operations
315,Celestine,Doole,47,cdoole8q@nydailynews.com,United States,6/16/2016,true,7687.19 zł,Operations
316,Conchita,Yurikov,35,cyurikov8r@delicious.com,United States,6/3/2021,true,6463.08 zł,IT
317,Helge,Fenlon,63,hfenlon8s@uiuc.edu,Indonesia,4/3/2011,false,5925.68 zł,Finance
318,Verina,Mapson,31,vmapson8t@alexa.com,Thailand,2/20/2022,true,3862.74 zł,Marketing
319,Farris,Troutbeck,42,ftroutbeck8u@elegantthemes.com,China,8/11/2016,true,7745.56 zł,Marketing
320,Egbert,O'Doireidh,34,eodoireidh8v@themeforest.net,China,7/10/2015,true,6599.60 zł,Marketing
321,Thibaut,Ryhorovich,18,tryhorovich8w@nyu.edu,Colombia,8/24/2017,false,8676.54 zł,IT
322,Darby,Brinded,28,dbrinded8x@eepurl.com,Indonesia,7/22/2020,false,4802.66 zł,Finance
323,Vin,Nix,26,vnix8y@sitemeter.com,Morocco,12/24/2013,false,9911.78 zł,Operations
324,Dolores,Leel,32,dleel8z@wunderground.com,Brazil,10/31/2011,true,7968.57 zł,Finance
325,Aundrea,O'Dowd,18,aodowd90@spotify.com,Japan,3/26/2013,false,8616.62 zł,Operations
326,Hobie,Ellph,43,hellph91@hatena.ne.jp,Peru,9/20/2019,false,7372.78 zł,Finance
327,Fredek,Meineck,28,fmeineck92@nsw.gov.au,Indonesia,6/3/2015,true,9600.01 zł,Operations
328,Jolee,Franscioni,31,jfranscioni93@4shared.com,Thailand,3/5/2021,false,3790.93 zł,IT
329,Jeniffer,Doggett,19,jdoggett94@apple.com,Brazil,4/5/2017,false,3972.85 zł,Operations
330,Clea,Grishin,51,cgrishin95@engadget.com,Indonesia,9/25/2015,false,4901.28 zł,Finance
331,Aloise,Fearn,39,afearn96@tinyurl.com,Philippines,3/26/2021,true,4307.72 zł,IT
332,Lucilia,Riseam,33,lriseam97@oracle.com,Costa Rica,1/5/2015,true,6729.44 zł,Operations
333,Skipton,MacAlpyne,29,smacalpyne98@constantcontact.com,Peru,6/19/2010,false,7873.70 zł,Marketing
334,Hettie,Miles,46,hmiles99@domainmarket.com,China,9/4/2014,false,3513.78 zł,IT
335,Rafe,Odams,43,rodams9a@free.fr,Portugal,5/30/2020,true,8784.19 zł,Finance
336,Rorke,Fletcher,22,rfletcher9b@google.com.au,France,7/3/2016,false,9424.83 zł,Operations
337,Krystyna,Billingsly,52,kbillingsly9c@japanpost.jp,China,3/2/2017,false,3920.35 zł,Finance
338,Aldwin,Kaye,57,akaye9d@blogtalkradio.com,Peru,11/19/2020,true,4792.76 zł,Operations
339,Dame,Screwton,54,dscrewton9e@noaa.gov,China,12/12/2014,false,8033.50 zł,Marketing
340,Billy,Rottgers,25,brottgers9f@google.it,France,4/29/2020,false,9171.13 zł,Marketing
341,Coreen,Deaconson,47,cdeaconson9g@taobao.com,Portugal,6/12/2016,true,5293.68 zł,Marketing
342,Bessie,Chastan,47,bchastan9h@mlb.com,China,8/1/2018,false,4541.09 zł,Finance
343,Kerr,Shury,59,kshury9i@ebay.co.uk,China,12/20/2020,false,5548.97 zł,IT
344,Sarah,Dodds,50,sdodds9j@cyberchimps.com,Sweden,4/26/2022,false,6451.27 zł,Finance
345,Lief,Coxall,23,lcoxall9k@blogtalkradio.com,Russia,10/26/2020,false,2263.29 zł,Marketing
346,Anny,Nowak,62,anowak9l@uol.com.br,Haiti,11/15/2016,true,6664.87 zł,Finance
347,Eamon,Cohn,54,ecohn9m@google.com,Honduras,3/2/2018,false,6134.98 zł,Marketing
348,Coleman,Wittrington,36,cwittrington9n@hugedomains.com,China,9/7/2013,false,3904.74 zł,Marketing
349,Louisa,Fairhall,43,lfairhall9o@nps.gov,Honduras,8/1/2019,true,2379.87 zł,Marketing
350,Glory,Welden,43,gwelden9p@exblog.jp,Czech Republic,11/17/2018,false,9673.23 zł,IT
351,Bridget,Dusey,50,bdusey9q@paypal.com,China,3/27/2020,true,8046.46 zł,Operations
352,Dorelia,Crosston,20,dcrosston9r@nydailynews.com,Indonesia,12/14/2021,true,9352.42 zł,IT
353,Davey,Willcock,54,dwillcock9s@jalbum.net,Bosnia and Herzegovina,1/21/2013,true,9742.23 zł,Operations
354,Lexis,Frodsham,21,lfrodsham9t@fema.gov,Russia,8/5/2019,false,3977.22 zł,Operations
355,Ivy,Minshull,63,iminshull9u@bandcamp.com,Russia,3/27/2018,true,5983.15 zł,IT
356,Starlene,Brett,60,sbrett9v@va.gov,Nigeria,5/27/2022,true,9277.06 zł,Operations
357,Olga,Ferriman,46,oferriman9w@360.cn,Slovenia,9/30/2017,false,6242.00 zł,Marketing
358,Stacy,Benettelli,60,sbenettelli9x@about.me,Colombia,5/1/2013,true,5215.87 zł,Operations
359,Nancee,Tomashov,40,ntomashov9y@meetup.com,Iran,11/4/2011,false,6139.58 zł,Operations
360,Kelsi,Stud,40,kstud9z@dion.ne.jp,Honduras,12/4/2018,true,5463.11 zł,IT
361,Prinz,Rojahn,29,projahna0@privacy.gov.au,Poland,8/31/2016,true,7463.79 zł,Finance
362,Charlene,Cariss,42,ccarissa1@fda.gov,Brazil,7/10/2021,true,5723.36 zł,Finance
363,Papagena,McIlwaine,42,pmcilwainea2@reference.com,Colombia,8/3/2012,true,9429.82 zł,IT
364,Cloe,Wevell,59,cwevella3@blinklist.com,Peru,9/9/2015,false,3148.71 zł,Marketing
365,Sher,Else,22,selsea4@prlog.org,Poland,11/10/2019,false,9942.73 zł,Finance
366,Filia,Cloney,42,fcloneya5@opera.com,Russia,12/9/2015,true,3183.56 zł,Operations
367,Phaidra,Cage,35,pcagea6@feedburner.com,China,5/20/2014,false,9644.75 zł,IT
368,Danell,Fick,64,dficka7@telegraph.co.uk,Albania,11/3/2015,false,3725.75 zł,Marketing
369,Tedman,Albone,35,talbonea8@odnoklassniki.ru,Latvia,7/24/2018,true,4952.21 zł,Operations
370,Phillida,Pylkynyton,65,ppylkynytona9@stumbleupon.com,Venezuela,12/6/2012,true,7753.89 zł,Finance
371,Hesther,McLenaghan,39,hmclenaghanaa@imdb.com,Philippines,8/18/2018,false,3539.64 zł,IT
372,Avrom,Kleiner,23,akleinerab@whitehouse.gov,Czech Republic,10/1/2017,true,7101.00 zł,Finance
373,Marris,Leney,54,mleneyac@reuters.com,Indonesia,9/12/2013,true,2802.25 zł,Marketing
374,Esra,Emblen,61,eemblenad@cornell.edu,China,4/22/2017,false,4596.96 zł,Marketing
375,Moishe,Georgeot,21,mgeorgeotae@stumbleupon.com,China,5/21/2012,false,3229.85 zł,Finance
376,Melitta,Ramsdale,31,mramsdaleaf@histats.com,Portugal,11/6/2015,false,4435.48 zł,Operations
377,Bryant,Lippatt,49,blippattag@free.fr,Thailand,4/4/2011,false,6906.78 zł,Finance
378,May,Rudkin,60,mrudkinah@vistaprint.com,Philippines,11/28/2022,false,3795.03 zł,Operations
379,Maison,Gumm,18,mgummai@jiathis.com,Poland,12/18/2016,false,2536.87 zł,Operations
380,Michel,Hawket,50,mhawketaj@state.tx.us,Philippines,8/23/2022,true,4024.46 zł,Marketing
381,Marylou,Pischof,35,mpischofak@cloudflare.com,Indonesia,2/16/2018,true,7423.82 zł,IT
382,Janetta,Roggers,46,jroggersal@hud.gov,Paraguay,5/16/2019,true,7920.53 zł,IT
383,Shanta,Meigh,64,smeigham@lycos.com,Portugal,5/19/2022,false,7523.43 zł,Operations
384,Gerrie,Gatland,18,ggatlandan@webnode.com,Swaziland,12/29/2010,true,4601.85 zł,Operations
385,Haleigh,Gettins,39,hgettinsao@eventbrite.com,Chad,3/14/2012,true,8517.50 zł,Operations
386,Tammara,Maymand,57,tmaymandap@wired.com,Philippines,6/26/2019,true,8586.58 zł,Operations
387,Frasier,Gerrels,18,fgerrelsaq@globo.com,Indonesia,5/24/2022,false,5061.82 zł,IT
388,Orel,Steely,64,osteelyar@mayoclinic.com,China,1/14/2022,false,9915.99 zł,IT
389,Ilaire,Hastie,59,ihastieas@webnode.com,China,5/25/2019,false,3798.45 zł,Finance
390,Wynny,Burghall,54,wburghallat@mashable.com,Philippines,2/14/2016,false,3805.19 zł,Finance
391,Denice,Betchley,41,dbetchleyau@blogspot.com,Peru,12/4/2020,false,5785.18 zł,Marketing
392,Mada,Clink,35,mclinkav@ifeng.com,Thailand,6/6/2012,false,8884.36 zł,Operations
393,Reamonn,Loughton,43,rloughtonaw@chicagotribune.com,Russia,7/13/2018,true,3945.64 zł,Operations
394,Riva,Hancill,19,rhancillax@xrea.com,Iran,4/10/2013,false,6511.80 zł,Finance
395,Ortensia,Frogley,46,ofrogleyay@mlb.com,China,10/7/2021,false,5501.26 zł,Operations
396,Janek,Sparrowe,32,jsparroweaz@mit.edu,Russia,5/11/2020,true,4462.53 zł,Finance
397,Laureen,Deboick,38,ldeboickb0@samsung.com,China,4/28/2020,true,9686.32 zł,Marketing
398,Kin,Skillanders,56,kskillandersb1@ca.gov,Brazil,8/4/2011,true,8515.59 zł,IT
399,Jock,Caccavella,42,jcaccavellab2@baidu.com,Indonesia,8/26/2016,false,3527.06 zł,Finance
400,Skyler,Gothup,31,sgothupb3@google.co.uk,China,11/30/2019,false,2774.67 zł,IT
401,Hynda,Purches,21,hpurchesb4@mapy.cz,Pakistan,3/9/2022,false,2421.14 zł,Marketing
402,Eberto,Sterrick,18,esterrickb5@dropbox.com,Colombia,5/19/2010,true,4605.82 zł,Operations
403,Giraldo,MacKain,34,gmackainb6@sciencedaily.com,Tanzania,1/23/2020,true,8500.25 zł,Finance
404,Marga,Biddiss,21,mbiddissb7@about.me,Colombia,5/2/2013,true,4968.78 zł,IT
405,Brandice,Inglefield,41,binglefieldb8@tinyurl.com,China,5/11/2010,true,6781.90 zł,Operations
406,Lea,Rouby,47,lroubyb9@lulu.com,China,11/23/2011,false,4964.39 zł,Finance
407,Peterus,Agget,24,paggetba@w3.org,Brazil,11/11/2017,true,8142.08 zł,Marketing
408,Germaine,Ashleigh,62,gashleighbb@unicef.org,Philippines,6/26/2011,false,8952.29 zł,Finance
409,Carleton,Lamlin,45,clamlinbc@sogou.com,China,10/15/2016,true,6755.80 zł,Marketing
410,Carmine,Dargavel,36,cdargavelbd@sohu.com,Brazil,8/9/2018,false,7094.64 zł,Finance
411,Coral,Boichat,29,cboichatbe@live.com,Norway,12/19/2018,true,7467.38 zł,Marketing
412,Chelsey,Ivanichev,62,civanichevbf@springer.com,Indonesia,8/23/2014,false,7102.80 zł,Marketing
413,Hallie,Pinchbeck,57,hpinchbeckbg@amazon.co.uk,France,10/27/2011,false,2305.20 zł,Marketing
414,Ernaline,Kilban,24,ekilbanbh@infoseek.co.jp,China,6/24/2017,true,7244.62 zł,Operations
415,Klara,Budget,31,kbudgetbi@google.com.au,Ukraine,10/20/2018,true,2601.16 zł,Operations
416,Charissa,McIlory,49,cmcilorybj@elpais.com,Burundi,6/20/2020,true,9971.71 zł,Finance
417,Evangeline,Kolodziejski,52,ekolodziejskibk@ifeng.com,Sweden,1/30/2021,true,3248.13 zł,Finance
418,Ferrel,Lenox,35,flenoxbl@imgur.com,China,7/28/2017,true,2843.51 zł,Operations
419,Parsifal,Coulbeck,25,pcoulbeckbm@shinystat.com,Philippines,1/26/2011,false,4920.89 zł,Finance
420,Tommie,Mortlock,31,tmortlockbn@ed.gov,French Polynesia,3/1/2017,true,2021.14 zł,Operations
421,Vicky,Gulleford,29,vgullefordbo@joomla.org,Japan,7/22/2016,true,7019.97 zł,Finance
422,Ogden,Zanazzi,55,ozanazzibp@techcrunch.com,Thailand,11/24/2011,true,5395.31 zł,Marketing
423,Maurice,Cana,26,mcanabq@example.com,Japan,10/7/2010,true,6269.16 zł,Operations
424,Dorrie,Cadagan,27,dcadaganbr@alibaba.com,Poland,12/4/2011,false,9638.34 zł,IT
425,Margaretta,Waterhowse,29,mwaterhowsebs@cocolog-nifty.com,Indonesia,9/13/2011,true,3480.61 zł,IT
426,Kristien,Derx,38,kderxbt@ca.gov,Poland,7/10/2014,true,5846.08 zł,IT
427,Leshia,Rattenbury,47,lrattenburybu@cnet.com,Indonesia,2/20/2022,false,4271.41 zł,Operations
428,Dorine,Base,55,dbasebv@hubpages.com,Zimbabwe,3/28/2011,true,3588.27 zł,Marketing
429,Lucio,Worley,64,lworleybw@disqus.com,Sri Lanka,4/21/2020,true,4003.02 zł,Finance
430,Clarence,Heathwood,28,cheathwoodbx@weather.com,Sweden,12/4/2015,false,7517.47 zł,IT
431,Marlene,Campey,36,mcampeyby@squidoo.com,Poland,3/8/2014,true,6945.20 zł,IT
432,Marley,Russell,34,mrussellbz@sogou.com,China,12/27/2013,false,9775.48 zł,Marketing
433,Dionis,Jiggins,58,djigginsc0@google.co.jp,Portugal,3/29/2020,false,8804.62 zł,IT
434,Gil,Breslane,36,gbreslanec1@opensource.org,Poland,11/2/2011,true,2970.46 zł,Marketing
435,Blake,Bolgar,38,bbolgarc2@addthis.com,East Timor,3/31/2017,true,5201.53 zł,Finance
436,Carlyle,Dalby,52,cdalbyc3@typepad.com,Philippines,2/17/2013,true,2870.42 zł,Operations
437,Dixie,Derrett,53,dderrettc4@utexas.edu,China,7/8/2020,false,7709.70 zł,Finance
438,Jabez,Sheeres,63,jsheeresc5@ted.com,Nigeria,3/8/2012,true,8888.28 zł,Operations
439,Kimbra,Sargeant,42,ksargeantc6@umn.edu,Netherlands,7/19/2020,false,8317.66 zł,Operations
440,Dahlia,Leipelt,19,dleipeltc7@unesco.org,Philippines,3/24/2014,false,5372.09 zł,Operations
441,Chrysler,Hylands,28,chylandsc8@behance.net,Indonesia,5/18/2021,true,8431.11 zł,Finance
442,Shirl,Rumble,48,srumblec9@dell.com,China,2/13/2013,false,9300.79 zł,Finance
443,Findley,McGiffin,29,fmcgiffinca@shareasale.com,China,12/26/2021,false,2394.17 zł,IT
444,Kelvin,Sapauton,64,ksapautoncb@wordpress.com,Brazil,7/17/2018,true,4487.09 zł,IT
445,Delcina,Kowalik,18,dkowalikcc@nationalgeographic.com,Japan,7/20/2013,false,6216.08 zł,Marketing
446,Mannie,Quinnell,43,mquinnellcd@macromedia.com,Pakistan,4/16/2010,false,2397.09 zł,Marketing
447,Gloriana,Crippell,48,gcrippellce@list-manage.com,Brazil,6/11/2011,false,5081.81 zł,Operations
448,Valentijn,Petters,18,vpetterscf@unblog.fr,Sierra Leone,12/9/2011,true,6358.72 zł,Operations
449,Darsey,Pardoe,28,dpardoecg@youtu.be,Tunisia,9/15/2010,false,2643.68 zł,Finance
450,Lucas,Strete,29,lstretech@friendfeed.com,Brazil,9/19/2014,false,6138.39 zł,Operations
451,Hillary,Gorbell,28,hgorbellci@ca.gov,Philippines,4/15/2017,true,8505.63 zł,Finance
452,Jillian,Symper,50,jsympercj@ftc.gov,Serbia,11/23/2021,true,3929.61 zł,Operations
453,Noemi,Arnhold,25,narnholdck@ihg.com,Japan,3/3/2013,false,6535.09 zł,Marketing
454,Waverly,Baroc,39,wbaroccl@histats.com,Philippines,9/19/2010,false,6383.10 zł,Finance
455,Jocko,Smiley,38,jsmileycm@google.com.hk,China,12/20/2016,true,6683.59 zł,Operations
456,Nicki,Bullas,27,nbullascn@bigcartel.com,Russia,11/15/2019,true,4416.48 zł,Operations
457,Hermie,Seivertsen,23,hseivertsenco@123-reg.co.uk,China,1/10/2020,false,7762.35 zł,Operations
458,Babara,Furze,53,bfurzecp@chicagotribune.com,Colombia,5/5/2010,true,4990.07 zł,Marketing
459,Yvette,Bryce,41,ybrycecq@arizona.edu,Indonesia,12/21/2013,true,9831.29 zł,Marketing
460,Madella,Iacovino,58,miacovinocr@ameblo.jp,Brazil,4/7/2018,true,6917.22 zł,Finance
461,Perl,Mollison,54,pmollisoncs@joomla.org,Vietnam,8/14/2010,false,8048.90 zł,Finance
462,Randolph,Keggin,59,rkegginct@nih.gov,Indonesia,4/5/2013,false,5990.73 zł,IT
463,Rey,Shorton,31,rshortoncu@storify.com,Mexico,7/21/2018,false,6867.25 zł,Operations
464,Amity,Tomblett,27,atomblettcv@sun.com,Russia,4/21/2013,false,9097.96 zł,Operations
465,Allan,Cubley,22,acubleycw@odnoklassniki.ru,United States,11/7/2017,false,7297.56 zł,Finance
466,Sydney,Geeson,35,sgeesoncx@pagesperso-orange.fr,Portugal,2/20/2014,true,3024.00 zł,Marketing
467,Gianina,Jorry,37,gjorrycy@homestead.com,Palestinian Territory,10/6/2022,true,2215.72 zł,Marketing
468,Israel,Veall,49,iveallcz@phpbb.com,Italy,10/10/2019,true,7073.82 zł,Operations
469,Tillie,Rozea,43,trozead0@java.com,China,7/13/2015,true,6943.05 zł,Operations
470,Anatollo,McCobb,46,amccobbd1@tripadvisor.com,Brazil,6/30/2020,false,9266.01 zł,IT
471,Dorian,Leander,37,dleanderd2@acquirethisname.com,China,10/17/2010,true,8922.01 zł,Operations
472,Beale,Kilmister,58,bkilmisterd3@imgur.com,Ireland,6/10/2017,true,9561.09 zł,Marketing
473,Anne-marie,Gerauld,38,agerauldd4@omniture.com,China,1/12/2022,false,6548.65 zł,Finance
474,Shanna,Mc Andrew,60,smcandrewd5@paginegialle.it,Uruguay,11/1/2020,false,9406.45 zł,Marketing
475,Rosita,Binny,28,rbinnyd6@army.mil,China,11/28/2011,false,8121.73 zł,IT
476,Cathlene,Mertgen,35,cmertgend7@drupal.org,Mexico,8/20/2015,true,2273.68 zł,Finance
477,Poppy,Corney,32,pcorneyd8@hhs.gov,China,2/20/2019,false,3293.36 zł,Finance
478,Merry,Klimushev,43,mklimushevd9@wp.com,Japan,8/7/2022,false,2900.81 zł,IT
479,Darlleen,Wilbraham,38,dwilbrahamda@icq.com,Mongolia,2/2/2012,false,5758.67 zł,Operations
480,Gay,Abbets,55,gabbetsdb@bloglines.com,Thailand,12/26/2011,false,3688.31 zł,IT
481,Gabrielle,Beake,63,gbeakedc@privacy.gov.au,Kenya,8/17/2014,true,6982.25 zł,Marketing
482,Marilin,Shillingford,52,mshillingforddd@wp.com,Iraq,11/26/2016,false,2551.62 zł,Finance
483,Pavia,Rayworth,38,prayworthde@berkeley.edu,China,10/10/2016,true,6143.92 zł,IT
484,Rooney,Butterfield,45,rbutterfielddf@wordpress.org,Philippines,10/17/2010,true,4787.42 zł,Marketing
485,Erek,Petrillo,38,epetrillodg@fotki.com,Democratic Republic of the Congo,2/21/2021,false,8376.92 zł,Finance
486,Bucky,Dickson,20,bdicksondh@wikia.com,Armenia,9/1/2015,true,3931.34 zł,IT
487,Odelinda,Ethington,40,oethingtondi@nsw.gov.au,China,4/20/2019,true,6808.37 zł,Operations
488,Regan,Massel,63,rmasseldj@adobe.com,Greece,4/29/2016,false,9637.70 zł,Marketing
489,Esdras,De Bischop,35,edebischopdk@salon.com,Philippines,11/3/2016,true,2869.05 zł,IT
490,Babita,Plak,23,bplakdl@rediff.com,Russia,2/3/2011,true,6580.23 zł,Marketing
491,Tobi,Grelka,34,tgrelkadm@bloglovin.com,China,9/22/2013,false,4214.40 zł,Finance
492,Claiborn,Waddingham,38,cwaddinghamdn@xinhuanet.com,Thailand,11/14/2021,false,6346.55 zł,Finance
493,Nita,Kytter,23,nkytterdo@ycombinator.com,Russia,8/2/2010,true,9733.45 zł,IT
494,Diego,Fludgate,44,dfludgatedp@baidu.com,Colombia,4/14/2010,false,6302.52 zł,Marketing
495,Merrily,Darter,54,mdarterdq@japanpost.jp,China,6/2/2010,false,3638.56 zł,Operations
496,Troy,Buy,18,tbuydr@prlog.org,China,2/3/2014,false,9035.29 zł,IT
497,Rabbi,Paquet,56,rpaquetds@squarespace.com,Poland,11/23/2012,false,4541.59 zł,Marketing
498,Allie,Bruckent,40,abruckentdt@army.mil,Italy,7/3/2012,false,8001.62 zł,Operations
499,Sher,Lewinton,23,slewintondu@bbc.co.uk,Poland,1/16/2018,true,2602.33 zł,Operations
500,Darb,Aloshikin,48,daloshikindv@ucoz.ru,Colombia,6/12/2020,true,8221.47 zł,Finance
501,Rufe,Toupe,51,rtoupedw@163.com,China,7/18/2018,false,2456.27 zł,Operations
502,Yorker,Leirmonth,50,yleirmonthdx@google.co.jp,Russia,8/19/2015,false,4549.19 zł,Finance
503,Dorette,Haug,58,dhaugdy@free.fr,China,9/8/2011,false,5662.23 zł,Marketing
504,Tallou,Grabert,62,tgrabertdz@devhub.com,New Zealand,3/20/2010,false,8012.67 zł,Marketing
505,Anette,Catenot,28,acatenote0@pcworld.com,Brazil,3/19/2011,false,6598.56 zł,Finance
506,Maybelle,Garstan,41,mgarstane1@dailymail.co.uk,United States,9/19/2020,false,6804.26 zł,Finance
507,Hashim,Cicchillo,28,hcicchilloe2@google.pl,Philippines,2/5/2020,true,9407.89 zł,Operations
508,Kendrick,Rosewarne,63,krosewarnee3@springer.com,China,5/2/2019,true,3235.95 zł,Finance
509,Carmencita,Heis,24,cheise4@woothemes.com,Brazil,11/1/2011,true,2415.28 zł,IT
510,Juana,Divell,42,jdivelle5@wunderground.com,Honduras,2/19/2015,true,7913.63 zł,Operations
511,Nellie,Pordall,50,npordalle6@npr.org,Japan,8/20/2019,true,6426.99 zł,Marketing
512,Juan,Halgarth,35,jhalgarthe7@salon.com,Venezuela,9/22/2011,false,8712.98 zł,Finance
513,Percy,Kerley,63,pkerleye8@amazon.co.jp,Russia,3/24/2017,false,2537.84 zł,Finance
514,Nona,Rose,59,nrosee9@dailymail.co.uk,China,6/12/2014,true,9169.69 zł,Marketing
515,Remington,Shallo,22,rshalloea@mysql.com,Venezuela,10/13/2021,true,2697.14 zł,Finance
516,Timmi,Algar,31,talgareb@goo.ne.jp,France,12/17/2017,false,4568.00 zł,Finance
517,Basia,Goymer,51,bgoymerec@networkadvertising.org,Argentina,7/12/2017,true,6616.16 zł,Operations
518,Pyotr,Maystone,56,pmaystoneed@reddit.com,New Caledonia,6/3/2011,true,3117.85 zł,Marketing
519,Rene,Thomason,57,rthomasonee@telegraph.co.uk,United States,4/9/2021,false,4302.85 zł,Finance
520,Thomasina,Miles,58,tmilesef@tinyurl.com,China,8/14/2015,true,5125.37 zł,IT
521,Norri,Headrick,21,nheadrickeg@quantcast.com,Poland,5/23/2016,true,2057.90 zł,Finance
522,Charlena,Burns,22,cburnseh@friendfeed.com,China,2/11/2017,false,2919.42 zł,IT
523,Moe,Lead,37,mleadei@vistaprint.com,Brazil,6/9/2011,true,8706.99 zł,Finance
524,Cathleen,Polini,27,cpoliniej@msu.edu,Indonesia,5/7/2010,true,2377.28 zł,Finance
525,Colene,Walker,58,cwalkerek@shop-pro.jp,Brazil,9/26/2016,true,4955.39 zł,Finance
526,Amargo,Wolton,45,awoltonel@unc.edu,Indonesia,11/4/2013,false,2615.43 zł,Operations
527,Barny,Brito,34,bbritoem@abc.net.au,Portugal,12/20/2018,false,3702.17 zł,Operations
528,Berkie,Hooke,40,bhookeen@stumbleupon.com,Jamaica,1/16/2019,true,2822.92 zł,Marketing
529,Ulberto,Wetter,65,uwettereo@drupal.org,United States,2/16/2017,true,4641.20 zł,Finance
530,Aleta,Hyndson,23,ahyndsonep@hexun.com,Russia,3/30/2019,true,2275.27 zł,Operations
531,Marabel,Mc Corley,31,mmccorleyeq@de.vu,China,8/16/2021,true,6106.67 zł,Marketing
532,Ethan,Georgiev,34,egeorgiever@google.com.au,China,5/19/2012,false,8533.21 zł,Operations
533,Lissi,Tiley,30,ltileyes@flavors.me,Indonesia,8/26/2022,true,6797.32 zł,Marketing
534,Larry,Patriche,25,lpatricheet@princeton.edu,China,7/31/2019,false,3742.89 zł,Finance
535,Brena,Hackworthy,24,bhackworthyeu@kickstarter.com,Russia,9/22/2017,false,8338.70 zł,Marketing
536,Gabriello,Cline,52,gclineev@issuu.com,Nicaragua,12/21/2011,false,2848.20 zł,Operations
537,Buffy,Trase,45,btraseew@ebay.com,Micronesia,8/13/2019,false,6900.16 zł,Marketing
538,Lancelot,Charle,26,lcharleex@weibo.com,China,3/14/2012,false,4096.16 zł,IT
539,Annnora,Streeter,49,astreeterey@opensource.org,China,2/11/2013,true,6376.14 zł,Finance
540,Lotte,Deuss,30,ldeussez@nbcnews.com,Ethiopia,6/17/2019,true,7708.33 zł,Finance
541,Kaitlynn,OIlier,33,koilierf0@sogou.com,Russia,3/29/2010,false,5952.73 zł,Operations
542,Rand,Sterrick,29,rsterrickf1@state.tx.us,China,10/14/2022,true,5077.51 zł,Operations
543,Gratia,Nanelli,56,gnanellif2@4shared.com,Indonesia,11/22/2015,false,7155.89 zł,IT
544,Imelda,Whild,20,iwhildf3@newsvine.com,Poland,3/13/2015,false,3420.61 zł,Marketing
545,Barbie,Regardsoe,43,bregardsoef4@usgs.gov,Philippines,1/26/2016,true,7849.41 zł,Finance
546,Erina,Kleimt,27,ekleimtf5@apache.org,Russia,5/15/2022,false,2276.85 zł,IT
547,Mela,Prine,61,mprinef6@barnesandnoble.com,Brazil,11/29/2019,false,4705.11 zł,IT
548,Vickie,Campling,22,vcamplingf7@ihg.com,Botswana,10/22/2022,false,2284.32 zł,Finance
549,Donny,Ivanikhin,32,divanikhinf8@cargocollective.com,Taiwan,6/3/2011,false,4336.97 zł,Finance
550,Gamaliel,Edmundson,20,gedmundsonf9@acquirethisname.com,Sweden,3/16/2021,true,7106.83 zł,Finance
551,Doug,Drever,41,ddreverfa@123-reg.co.uk,Indonesia,12/22/2013,false,2974.72 zł,Marketing
552,Philippe,Bransom,25,pbransomfb@canalblog.com,Russia,9/9/2020,false,2553.34 zł,Finance
553,Ardith,Kiera,50,akierafc@meetup.com,Philippines,12/7/2010,false,6816.75 zł,Finance
554,Vidovic,Sturgeon,28,vsturgeonfd@washington.edu,Indonesia,7/5/2021,false,9955.12 zł,Operations
555,Kingston,Maevela,53,kmaevelafe@icio.us,Portugal,10/12/2020,false,4375.66 zł,Operations
556,Killy,Skillings,37,kskillingsff@skyrock.com,China,9/2/2010,true,5320.77 zł,Operations
557,Annamaria,Bras,22,abrasfg@netscape.com,Georgia,12/27/2010,false,9476.57 zł,Operations
558,Perry,Crossman,63,pcrossmanfh@qq.com,Indonesia,3/19/2017,false,3110.71 zł,Finance
559,Luce,Zini,35,lzinifi@google.com.au,Honduras,10/25/2018,false,5485.53 zł,IT
560,Stella,Jarratt,23,sjarrattfj@java.com,Saint Vincent and the Grenadines,5/3/2012,true,7849.34 zł,Marketing
561,Gretchen,Snassell,65,gsnassellfk@twitpic.com,Brazil,2/3/2010,false,9772.44 zł,Marketing
562,Olivero,Spittle,44,ospittlefl@goo.gl,Indonesia,10/19/2011,false,2437.49 zł,Finance
563,Dawn,Clewlowe,42,dclewlowefm@whitehouse.gov,Brazil,6/26/2010,false,4067.45 zł,Finance
564,Gearalt,Tiffin,23,gtiffinfn@mediafire.com,Brazil,5/19/2015,false,4322.84 zł,Operations
565,Letitia,Godrich,46,lgodrichfo@chronoengine.com,Indonesia,2/21/2013,true,3793.55 zł,IT
566,Trudey,Laroze,23,tlarozefp@webmd.com,Costa Rica,7/31/2013,true,7129.77 zł,Finance
567,Cary,Blaik,43,cblaikfq@trellian.com,China,9/18/2020,true,2039.56 zł,Finance
568,Michaela,Pressland,24,mpresslandfr@topsy.com,Indonesia,6/30/2019,false,7242.73 zł,Operations
569,Minna,Phear,34,mphearfs@facebook.com,China,8/27/2017,false,7233.44 zł,Marketing
570,Cedric,Curnokk,35,ccurnokkft@narod.ru,Albania,3/30/2021,false,8029.37 zł,Operations
571,Trumann,Dene,27,tdenefu@exblog.jp,China,7/6/2011,false,7084.59 zł,IT
572,Curr,Alyutin,29,calyutinfv@typepad.com,Democratic Republic of the Congo,1/17/2019,true,7750.08 zł,IT
573,Terence,Hulbert,26,thulbertfw@sphinn.com,United States,2/21/2013,false,6821.19 zł,Operations
574,Gusti,Jore,44,gjorefx@usda.gov,Chad,5/29/2019,false,3767.43 zł,Finance
575,Traci,Baldacchi,20,tbaldacchify@wikispaces.com,China,7/29/2010,false,7825.44 zł,Operations
576,Demetri,Frankis,29,dfrankisfz@bing.com,Armenia,1/1/2011,true,9007.68 zł,Marketing
577,Lilias,Feaster,49,lfeasterg0@dyndns.org,Japan,6/9/2011,true,3840.98 zł,Operations
578,Kaylil,Spencers,25,kspencersg1@apache.org,Cameroon,9/28/2022,true,3242.75 zł,Marketing
579,Wilhelm,Folomkin,18,wfolomking2@java.com,China,9/20/2016,true,2149.43 zł,Finance
580,Francesco,Meneely,33,fmeneelyg3@ask.com,Vietnam,2/14/2011,false,4161.87 zł,Finance
581,Arte,Bour,23,abourg4@prlog.org,Russia,11/4/2022,false,7466.28 zł,Operations
582,Albertine,Medling,36,amedlingg5@multiply.com,China,2/25/2017,false,3233.82 zł,Marketing
583,Lanny,Inkpin,51,linkping6@illinois.edu,Mali,10/28/2016,false,4926.99 zł,IT
584,Lucita,Rudgerd,37,lrudgerdg7@imgur.com,Cameroon,4/3/2015,false,4882.20 zł,IT
585,Gibby,Gerrelts,25,ggerreltsg8@webmd.com,Tunisia,1/19/2018,false,5404.06 zł,Operations
586,Nealson,Korb,35,nkorbg9@msn.com,Guadeloupe,8/10/2021,false,5296.58 zł,Operations
587,Stefan,Skip,58,sskipga@infoseek.co.jp,Brazil,4/23/2021,true,6268.89 zł,IT
588,Dwight,Temperley,21,dtemperleygb@independent.co.uk,Greece,4/3/2015,false,7472.33 zł,Finance
589,Loren,Pymar,60,lpymargc@instagram.com,Thailand,10/17/2012,false,4173.49 zł,Operations
590,Jamima,Warrell,36,jwarrellgd@huffingtonpost.com,China,3/13/2011,false,5952.40 zł,Marketing
591,Almeta,Whitney,52,awhitneyge@github.io,Peru,12/27/2016,false,7048.20 zł,Operations
592,Leland,Burbank,62,lburbankgf@networksolutions.com,Philippines,4/1/2019,false,8586.19 zł,Marketing
593,Miof mela,Lennox,55,mlennoxgg@themeforest.net,Syria,11/24/2021,false,3999.01 zł,Operations
594,Aldus,Grubbe,28,agrubbegh@yolasite.com,Belarus,3/31/2017,true,2529.27 zł,Marketing
595,Aleta,Gomery,27,agomerygi@youku.com,China,6/30/2013,false,7325.02 zł,Operations
596,Filmer,Sawrey,51,fsawreygj@w3.org,Reunion,5/20/2015,false,5771.48 zł,Marketing
597,Gaultiero,Chattaway,56,gchattawaygk@livejournal.com,Israel,4/2/2010,true,3282.92 zł,IT
598,Nev,Le Houx,32,nlehouxgl@unblog.fr,Indonesia,7/13/2011,true,6585.11 zł,Operations
599,Jay,Calendar,47,jcalendargm@friendfeed.com,Indonesia,10/20/2014,false,5507.99 zł,Operations
600,Addia,Marchello,50,amarchellogn@ow.ly,Spain,6/16/2020,false,3318.92 zł,Operations
601,Elisabetta,Sheals,53,eshealsgo@cbslocal.com,France,8/19/2021,true,9213.88 zł,Finance
602,Cam,Mytton,21,cmyttongp@instagram.com,Philippines,2/8/2020,false,4179.17 zł,Marketing
603,Lizette,Mordin,55,lmordingq@abc.net.au,China,8/13/2012,true,3964.45 zł,Marketing
604,Nelly,Tredwell,35,ntredwellgr@skyrock.com,Canada,9/12/2018,true,9668.86 zł,Marketing
605,Sashenka,Lavallie,48,slavalliegs@newyorker.com,Argentina,7/30/2021,false,4280.08 zł,IT
606,Susannah,Ethridge,62,sethridgegt@usgs.gov,Taiwan,10/22/2022,true,4454.93 zł,Finance
607,Roseline,Franzoli,62,rfranzoligu@admin.ch,Sweden,6/4/2016,false,4104.54 zł,IT
608,Ferrell,Duffitt,22,fduffittgv@google.cn,China,7/21/2016,true,7440.83 zł,Operations
609,Karel,Fawks,38,kfawksgw@usnews.com,Colombia,12/19/2019,false,8514.88 zł,Operations
610,Zia,De Gogay,20,zdegogaygx@examiner.com,Ukraine,1/31/2012,true,5630.18 zł,Operations
611,Erl,O' Hanvey,47,eohanveygy@addthis.com,Croatia,4/11/2020,false,6710.99 zł,IT
612,Darren,Rowth,58,drowthgz@ibm.com,Suriname,4/26/2016,true,5677.95 zł,IT
613,Odessa,Pretsell,46,opretsellh0@google.pl,Indonesia,5/18/2016,true,4087.22 zł,IT
614,Tymon,Klaessen,65,tklaessenh1@multiply.com,Indonesia,11/24/2017,false,3766.77 zł,Marketing
615,Nigel,Doerrling,32,ndoerrlingh2@forbes.com,Portugal,7/21/2013,false,5274.12 zł,Finance
616,Ragnar,Deverell,50,rdeverellh3@cyberchimps.com,Japan,2/9/2010,false,4906.17 zł,Operations
617,Shawn,Coen,40,scoenh4@who.int,Tunisia,3/31/2012,false,8525.59 zł,Marketing
618,Caron,Skade,61,cskadeh5@mtv.com,Brazil,2/15/2015,true,7484.73 zł,IT
619,Kasey,Camlin,22,kcamlinh6@ftc.gov,China,9/29/2021,false,8437.96 zł,IT
620,Abigail,Servant,56,aservanth7@i2i.jp,Nigeria,6/27/2013,false,5103.21 zł,IT
621,Marcie,Hanbury-Brown,57,mhanburybrownh8@is.gd,Indonesia,4/2/2021,false,9953.52 zł,Operations
622,Ronda,Matusson,31,rmatussonh9@odnoklassniki.ru,China,7/6/2017,false,3526.82 zł,Operations
623,Chariot,Summersby,50,csummersbyha@photobucket.com,China,2/24/2018,false,5810.49 zł,Finance
624,Keefer,Hovenden,24,khovendenhb@tumblr.com,Cuba,3/22/2010,true,7402.25 zł,Marketing
625,Sarina,Knevet,62,sknevethc@ihg.com,United States,2/20/2020,true,5160.50 zł,IT
626,Katlin,Landa,56,klandahd@opensource.org,Nicaragua,11/21/2021,true,6083.86 zł,Operations
627,Garik,Luter,62,gluterhe@indiegogo.com,Russia,11/18/2017,true,2681.79 zł,Finance
628,Paddie,McGeachie,21,pmcgeachiehf@timesonline.co.uk,Chile,10/24/2021,true,2777.63 zł,Marketing
629,Kirstyn,Palumbo,51,kpalumbohg@walmart.com,Philippines,4/5/2016,true,9420.63 zł,Finance
630,Tarra,Hubbucks,56,thubbuckshh@latimes.com,Poland,3/16/2021,false,3630.77 zł,Operations
631,Emmalyn,Hubbart,63,ehubbarthi@wunderground.com,China,5/16/2013,true,3867.49 zł,IT
632,Leandra,Ellacott,55,lellacotthj@senate.gov,Sweden,5/23/2012,false,8884.24 zł,Marketing
633,Trix,Rudsdale,40,trudsdalehk@uiuc.edu,Tuvalu,7/12/2019,true,8835.72 zł,Operations
634,Griswold,Fourcade,28,gfourcadehl@admin.ch,Albania,11/5/2016,false,8456.32 zł,IT
635,Tally,Haslock(e),37,thaslockehm@blinklist.com,China,11/24/2010,true,8326.79 zł,Marketing
636,Grace,Chucks,33,gchuckshn@geocities.com,Brazil,8/23/2022,false,7894.51 zł,IT
637,Clerissa,Westwater,58,cwestwaterho@arstechnica.com,Czech Republic,10/15/2017,true,7704.95 zł,Marketing
638,Jaimie,Fawbert,62,jfawberthp@prnewswire.com,China,7/6/2013,false,4141.71 zł,Operations
639,Avictor,Loines,51,aloineshq@dailymotion.com,Indonesia,9/8/2010,false,8065.68 zł,IT
640,Melonie,Renhard,53,mrenhardhr@ow.ly,Paraguay,3/29/2014,true,9913.20 zł,Operations
641,Rube,Rembrandt,59,rrembrandths@nyu.edu,Germany,4/21/2017,true,7665.28 zł,IT
642,Adolpho,Bloor,54,abloorht@artisteer.com,China,10/15/2017,false,9960.06 zł,Marketing
643,Danita,Wykey,64,dwykeyhu@independent.co.uk,Syria,9/25/2013,true,8606.58 zł,Finance
644,Katrina,Baber,28,kbaberhv@flickr.com,China,8/27/2016,false,8168.98 zł,Finance
645,Isahella,Boagey,54,iboageyhw@patch.com,Indonesia,9/7/2016,false,3199.25 zł,Marketing
646,Beret,Griggs,51,bgriggshx@example.com,Thailand,8/30/2019,false,8540.10 zł,Operations
647,Gayleen,Pirdy,45,gpirdyhy@mapquest.com,Indonesia,5/26/2010,true,7612.73 zł,Marketing
648,Hilliard,Keyte,34,hkeytehz@apple.com,Ukraine,1/31/2010,true,3428.93 zł,Operations
649,Jedd,Ronald,24,jronaldi0@si.edu,Thailand,10/8/2019,true,5594.62 zł,IT
650,De witt,Judgkins,45,djudgkinsi1@alexa.com,China,6/6/2019,true,9287.21 zł,Finance
651,Egon,Kubyszek,44,ekubyszeki2@live.com,China,7/22/2010,false,9254.80 zł,Marketing
652,Dasya,Guiett,18,dguietti3@123-reg.co.uk,Brazil,7/27/2011,true,8141.39 zł,Finance
653,Darrin,Paddison,48,dpaddisoni4@pagesperso-orange.fr,Russia,1/10/2017,false,3813.38 zł,Operations
654,Paloma,Damper,63,pdamperi5@uiuc.edu,Brazil,1/18/2019,true,9626.31 zł,Finance
655,Alfy,Lukes,46,alukesi6@sina.com.cn,China,4/30/2020,false,8125.15 zł,Finance
656,Fanya,Buckbee,45,fbuckbeei7@dropbox.com,Indonesia,8/18/2020,true,2518.62 zł,Operations
657,Hoyt,Zisneros,38,hzisnerosi8@buzzfeed.com,Syria,1/9/2020,true,7746.26 zł,Operations
658,Julee,Burt,38,jburti9@topsy.com,Greece,2/25/2015,false,2041.59 zł,Marketing
659,Vale,Turmel,23,vturmelia@ftc.gov,Comoros,12/31/2017,true,2468.08 zł,Finance
660,Star,Canon,30,scanonib@feedburner.com,Ireland,9/22/2015,true,2758.23 zł,Finance
661,Jan,Creffield,45,jcreffieldic@howstuffworks.com,Afghanistan,11/16/2014,false,2110.86 zł,Marketing
662,Cecil,Fincken,51,cfinckenid@wikipedia.org,Tanzania,8/15/2018,true,8254.51 zł,Finance
663,Fidole,Bilbery,27,fbilberyie@soundcloud.com,Sweden,7/5/2016,true,7098.82 zł,Marketing
664,Stormy,Yerill,44,syerillif@rediff.com,China,5/3/2010,false,9246.66 zł,Finance
665,Patin,Perry,58,pperryig@techcrunch.com,Indonesia,10/14/2013,false,8685.65 zł,Finance
666,Earlie,Berceros,47,ebercerosih@zimbio.com,Mexico,5/29/2017,false,4502.01 zł,Operations
667,Elbertine,Berwick,20,eberwickii@auda.org.au,Senegal,3/31/2016,true,2589.75 zł,Operations
668,Chelsae,Glenwright,65,cglenwrightij@purevolume.com,China,11/20/2018,false,9923.27 zł,IT
669,Clare,Feilden,55,cfeildenik@buzzfeed.com,Russia,8/23/2012,false,4710.31 zł,Marketing
670,Jean,Dowty,18,jdowtyil@wp.com,Mexico,12/20/2010,false,3202.94 zł,Marketing
671,Arlyne,Dullingham,39,adullinghamim@wikimedia.org,China,8/22/2020,true,8588.07 zł,Marketing
672,Rickert,Ghelerdini,46,rghelerdiniin@intel.com,Armenia,2/24/2019,true,4495.82 zł,Operations
673,Jose,Prozescky,20,jprozesckyio@free.fr,Nigeria,1/11/2020,true,9296.05 zł,Operations
674,Tomas,McFadden,50,tmcfaddenip@clickbank.net,United Kingdom,6/28/2010,false,8055.79 zł,IT
675,Jorgan,Fould,27,jfouldiq@bravesites.com,Thailand,12/1/2020,false,9184.18 zł,Finance
676,Norah,Bratley,27,nbratleyir@fc2.com,Serbia,2/4/2022,true,8919.24 zł,IT
677,Montgomery,Dafter,38,mdafteris@slate.com,Portugal,1/5/2013,false,8475.13 zł,IT
678,Gregor,Mattisson,27,gmattissonit@bloglovin.com,Russia,1/11/2010,true,6331.38 zł,Finance
679,Carolann,Barribal,41,cbarribaliu@oaic.gov.au,China,5/12/2020,false,8908.46 zł,IT
680,Caresse,Behrens,31,cbehrensiv@wordpress.com,Brazil,4/17/2022,false,3071.74 zł,Finance
681,Horatio,Laidlaw,31,hlaidlawiw@e-recht24.de,Poland,11/11/2019,true,8699.33 zł,Marketing
682,Miner,Penticoot,51,mpenticootix@hibu.com,Ireland,10/8/2022,true,7096.17 zł,IT
683,Ignacius,Hug,24,ihugiy@oracle.com,Mexico,4/19/2010,true,4979.36 zł,IT
684,Zack,Ickovic,41,zickoviciz@squidoo.com,China,10/16/2015,true,8273.53 zł,Marketing
685,Sloan,Gheraldi,42,sgheraldij0@latimes.com,Venezuela,5/10/2020,false,9005.53 zł,Marketing
686,Jaquelyn,Drane,63,jdranej1@alexa.com,China,8/15/2016,false,5455.91 zł,Marketing
687,Alair,Steven,61,astevenj2@flavors.me,China,5/16/2014,false,3829.69 zł,IT
688,Jonas,Yerbury,23,jyerburyj3@icio.us,China,6/5/2013,true,8430.62 zł,Operations
689,Sherilyn,Haythorn,52,shaythornj4@skyrock.com,Indonesia,10/12/2022,true,2123.59 zł,Finance
690,Georgi,Patton,22,gpattonj5@ft.com,Czech Republic,6/6/2020,true,3036.54 zł,Operations
691,Bobbe,Sitlinton,40,bsitlintonj6@biglobe.ne.jp,Brazil,12/5/2014,true,4127.03 zł,Finance
692,Constancy,Rasor,44,crasorj7@whitehouse.gov,Morocco,4/24/2015,true,8128.17 zł,IT
693,Traci,Caselick,31,tcaselickj8@dedecms.com,China,5/3/2010,false,7500.61 zł,Marketing
694,Linell,Phalp,49,lphalpj9@shareasale.com,France,8/14/2014,false,7526.73 zł,Operations
695,Lyon,Crennan,29,lcrennanja@amazon.com,Russia,2/24/2011,false,8823.28 zł,Operations
696,Katlin,Davsley,25,kdavsleyjb@seattletimes.com,Russia,1/16/2022,true,3197.74 zł,Marketing
697,Joana,Lehon,61,jlehonjc@columbia.edu,Indonesia,11/12/2017,false,6590.53 zł,IT
698,Bryan,Anderson,45,bandersonjd@hao123.com,China,11/25/2021,true,9879.84 zł,IT
699,Thorin,Steers,61,tsteersje@deliciousdays.com,Peru,5/23/2016,true,9009.81 zł,IT
700,Terza,Petre,19,tpetrejf@upenn.edu,Canada,10/29/2017,true,2547.44 zł,Finance
701,Dennet,Huntley,45,dhuntleyjg@auda.org.au,Colombia,9/25/2019,false,8565.88 zł,Operations
702,Anabel,Metham,28,amethamjh@columbia.edu,Brazil,5/25/2020,false,5336.96 zł,Finance
703,Papagena,Peirazzi,62,ppeirazziji@newyorker.com,Cuba,12/11/2014,false,8903.54 zł,Finance
704,Aubrie,Raywood,46,araywoodjj@clickbank.net,Kazakhstan,6/7/2015,false,7147.94 zł,Finance
705,Beitris,Lenox,37,blenoxjk@deviantart.com,Ukraine,4/15/2010,false,5528.67 zł,Operations
706,Oralie,Windress,58,owindressjl@arizona.edu,China,1/28/2021,false,8222.21 zł,Finance
707,Malissa,Wethers,29,mwethersjm@is.gd,China,4/29/2020,true,5762.08 zł,Operations
708,Leigha,Heartfield,19,lheartfieldjn@ning.com,Portugal,2/8/2020,false,4185.22 zł,IT
709,Horten,Foro,34,hforojo@addtoany.com,Bulgaria,11/3/2021,false,8164.02 zł,Finance
710,Wainwright,Dran,23,wdranjp@surveymonkey.com,China,6/7/2021,false,3432.07 zł,Finance
711,Aloise,Eskrick,60,aeskrickjq@meetup.com,Indonesia,3/23/2018,false,8023.68 zł,Marketing
712,Robina,Chung,24,rchungjr@bloglovin.com,Philippines,6/23/2021,true,4790.55 zł,IT
713,Will,Enevold,26,wenevoldjs@cdc.gov,Somalia,12/12/2016,true,2803.13 zł,IT
714,Kilian,Extal,21,kextaljt@blogger.com,Portugal,2/10/2022,false,2444.96 zł,IT
715,Pyotr,Bedboro,44,pbedboroju@irs.gov,Russia,12/4/2013,true,7265.48 zł,IT
716,Jolie,Gee,33,jgeejv@slate.com,Ethiopia,6/18/2011,false,7403.17 zł,Operations
717,Rosalyn,Lilleman,23,rlillemanjw@uol.com.br,Philippines,1/17/2015,false,9388.38 zł,IT
718,Sheilah,Mossom,20,smossomjx@utexas.edu,Sweden,3/19/2013,false,6319.47 zł,Finance
719,Maiga,Filmer,35,mfilmerjy@nbcnews.com,Russia,5/12/2018,true,2633.66 zł,Operations
720,Ranna,Tidbold,35,rtidboldjz@soup.io,Indonesia,6/6/2010,false,2006.79 zł,IT
721,Leighton,Skoof,61,lskoofk0@mail.ru,China,3/16/2015,false,9722.01 zł,Finance
722,Tatiana,Coxhell,40,tcoxhellk1@ted.com,Russia,11/25/2016,true,4124.57 zł,Marketing
723,Pavla,Bezzant,54,pbezzantk2@virginia.edu,Sweden,1/1/2012,false,9997.29 zł,Finance
724,Tonia,Skellon,23,tskellonk3@loc.gov,China,12/30/2010,false,8660.11 zł,IT
725,Ky,Stringman,27,kstringmank4@behance.net,Philippines,6/15/2021,true,2415.69 zł,Operations
726,Ardella,Teeney,40,ateeneyk5@meetup.com,Poland,1/22/2010,true,8207.35 zł,Finance
727,Idaline,Edlin,43,iedlink6@opera.com,Costa Rica,3/11/2017,true,8046.01 zł,Marketing
728,Glen,Melmeth,49,gmelmethk7@timesonline.co.uk,Indonesia,6/20/2020,true,7391.53 zł,Marketing
729,Tim,Snaddon,50,tsnaddonk8@hp.com,China,1/29/2015,false,6387.77 zł,Marketing
730,Darlene,Champe,58,dchampek9@mtv.com,China,1/8/2021,true,2130.42 zł,Operations
731,Graeme,Beckenham,46,gbeckenhamka@freewebs.com,Peru,7/22/2011,true,2127.43 zł,Operations
732,Krystalle,Caso,34,kcasokb@weather.com,Afghanistan,12/16/2022,false,3143.68 zł,Operations
733,Joice,Lamputt,53,jlamputtkc@nature.com,Thailand,1/9/2015,false,2495.17 zł,IT
734,Erich,Nolton,52,enoltonkd@hubpages.com,Brazil,8/12/2019,true,8003.47 zł,Finance
735,Erminia,Varley,43,evarleyke@zdnet.com,Philippines,12/15/2018,false,6078.93 zł,Operations
736,Grissel,Covington,29,gcovingtonkf@de.vu,United States,12/8/2016,false,2669.31 zł,Marketing
737,Faith,Oherlihy,61,foherlihykg@cdc.gov,Indonesia,3/20/2014,true,4778.16 zł,Operations
738,Alexine,Blackshaw,28,ablackshawkh@apple.com,Thailand,11/20/2013,true,4801.18 zł,Marketing
739,Evan,Antonopoulos,37,eantonopouloski@statcounter.com,Brazil,6/12/2011,true,9042.05 zł,IT
740,Esmaria,Szepe,58,eszepekj@nationalgeographic.com,Indonesia,10/21/2021,false,7171.23 zł,Finance
741,Nolan,Back,28,nbackkk@i2i.jp,Sweden,2/27/2017,false,6771.09 zł,IT
742,Susann,Dwelly,32,sdwellykl@purevolume.com,China,3/26/2022,true,4324.61 zł,Operations
743,Adore,Amey,31,aameykm@psu.edu,Colombia,10/10/2022,false,6267.49 zł,Finance
744,Fawnia,Goldsbrough,54,fgoldsbroughkn@usnews.com,Libya,9/5/2012,false,2568.25 zł,Operations
745,Fulvia,Keaton,33,fkeatonko@angelfire.com,Indonesia,9/4/2022,false,3513.92 zł,Finance
746,Galina,Sancto,33,gsanctokp@phpbb.com,China,9/4/2010,true,9421.59 zł,IT
747,Nani,Hamley,29,nhamleykq@usgs.gov,Philippines,6/16/2016,true,5883.70 zł,Operations
748,Siouxie,Trynor,44,strynorkr@about.com,Portugal,11/20/2015,false,6093.76 zł,Operations
749,Phaidra,Raatz,48,praatzks@jimdo.com,Pakistan,3/5/2019,false,4088.59 zł,Marketing
750,Nester,Klimp,28,nklimpkt@virginia.edu,Greece,6/26/2012,true,4777.57 zł,Operations
751,Lil,Kestian,29,lkestianku@forbes.com,Japan,7/27/2018,true,7352.77 zł,IT
752,Kessiah,Aggio,30,kaggiokv@vkontakte.ru,Portugal,4/6/2017,true,8227.26 zł,Marketing
753,Reinaldo,Bruna,44,rbrunakw@1688.com,Sweden,5/20/2012,false,9789.85 zł,Marketing
754,Nalani,Munday,52,nmundaykx@chronoengine.com,Angola,10/24/2015,false,4291.99 zł,IT
755,Randene,Van Halle,52,rvanhalleky@amazonaws.com,Indonesia,2/6/2015,false,4383.21 zł,Marketing
756,Tammara,Nielson,47,tnielsonkz@indiatimes.com,China,12/10/2013,false,9209.30 zł,IT
757,Hillel,Wedlake,53,hwedlakel0@phpbb.com,Philippines,5/12/2014,false,2582.11 zł,Finance
758,Lee,Rabat,51,lrabatl1@tinypic.com,Colombia,2/26/2012,false,4847.93 zł,Operations
759,Hurlee,Hargroves,19,hhargrovesl2@hao123.com,Indonesia,3/16/2022,true,3198.21 zł,Operations
760,Lonnie,Ferne,22,lfernel3@paypal.com,Bulgaria,6/13/2012,false,3739.96 zł,Operations
761,Nels,Reinard,23,nreinardl4@smh.com.au,Japan,5/30/2014,false,3765.46 zł,IT
762,Lydia,Clayson,29,lclaysonl5@privacy.gov.au,Poland,8/9/2019,true,6613.20 zł,Marketing
763,Kory,Moorhouse,30,kmoorhousel6@admin.ch,Serbia,9/21/2022,true,5276.62 zł,Marketing
764,Manya,Realy,46,mrealyl7@sciencedaily.com,Brazil,10/24/2010,true,8177.18 zł,IT
765,Towny,Thumim,30,tthumiml8@patch.com,China,2/13/2022,true,9900.22 zł,Operations
766,Jayne,Ortsmann,63,jortsmannl9@google.es,China,8/16/2018,false,7033.00 zł,Finance
767,Brandtr,Vanderson,50,bvandersonla@sciencedirect.com,China,10/22/2013,true,8245.61 zł,Marketing
768,Dunstan,Teece,36,dteecelb@jalbum.net,China,1/30/2011,false,6701.71 zł,Marketing
769,Amargo,Hurkett,21,ahurkettlc@twitpic.com,Liechtenstein,1/2/2021,true,8410.64 zł,IT
770,Martainn,Pannaman,60,mpannamanld@reddit.com,Czech Republic,6/28/2019,false,7374.55 zł,Marketing
771,Sheilah,Kingscott,18,skingscottle@yahoo.com,China,9/1/2019,true,6476.90 zł,Finance
772,Benoite,Pridham,53,bpridhamlf@netlog.com,Kazakhstan,7/20/2012,true,5042.10 zł,Operations
773,Codi,Biggadyke,55,cbiggadykelg@multiply.com,Indonesia,2/15/2012,false,8778.75 zł,IT
774,Joella,Wilber,52,jwilberlh@ifeng.com,Czech Republic,9/24/2012,true,6655.98 zł,Marketing
775,Jarrid,Glison,60,jglisonli@ow.ly,Colombia,9/25/2013,false,5410.29 zł,Marketing
776,Pauly,Deuss,51,pdeusslj@360.cn,Sudan,9/26/2012,false,3296.04 zł,Finance
777,Danell,Frain,25,dfrainlk@about.me,Brazil,9/12/2017,true,3880.78 zł,Finance
778,Cassie,Pyer,26,cpyerll@xinhuanet.com,China,10/31/2020,false,8432.78 zł,Operations
779,Vincents,Dymick,34,vdymicklm@alibaba.com,Cameroon,10/17/2011,false,6080.10 zł,Finance
780,Nerissa,Hall,38,nhallln@zdnet.com,China,2/23/2014,false,7985.31 zł,Marketing
781,Ora,Von Hindenburg,37,ovonhindenburglo@prnewswire.com,Turkmenistan,10/18/2012,true,6863.65 zł,Operations
782,Pierrette,Tabram,49,ptabramlp@whitehouse.gov,Poland,6/2/2017,true,3713.55 zł,Marketing
783,Alane,Netherwood,40,anetherwoodlq@elpais.com,China,3/6/2022,false,8287.37 zł,Finance
784,Coletta,Copnell,42,ccopnelllr@ox.ac.uk,Indonesia,4/24/2011,true,7109.45 zł,Operations
785,Maggie,Spaule,51,mspaulels@webs.com,France,1/19/2013,false,3640.06 zł,Operations
786,Bronnie,MacMeanma,55,bmacmeanmalt@webnode.com,Thailand,1/3/2018,false,3836.57 zł,Finance
787,Rodi,Stockhill,45,rstockhilllu@typepad.com,Armenia,10/12/2011,false,8292.30 zł,Marketing
788,Joellyn,Penson,26,jpensonlv@dyndns.org,Ukraine,12/15/2013,false,5360.27 zł,Operations
789,Udell,Blowfield,20,ublowfieldlw@ted.com,El Salvador,2/19/2016,false,7286.34 zł,Marketing
790,Alexandros,Girardey,51,agirardeylx@reverbnation.com,Luxembourg,5/31/2020,false,3304.12 zł,IT
791,Brietta,Officer,42,bofficerly@businessinsider.com,Russia,7/2/2010,false,9133.94 zł,Finance
792,Erhard,Rumney,38,erumneylz@opensource.org,United States,10/18/2017,false,4387.94 zł,IT
793,Emma,Forward,61,eforwardm0@domainmarket.com,French Polynesia,5/28/2012,true,9709.93 zł,Operations
794,Tris,Wellsman,60,twellsmanm1@dedecms.com,Indonesia,9/4/2013,false,4795.20 zł,IT
795,Becca,Scrivinor,34,bscrivinorm2@guardian.co.uk,United States,3/31/2017,false,3722.85 zł,Operations
796,Stinky,Syddall,63,ssyddallm3@msu.edu,Indonesia,6/6/2011,false,9258.09 zł,Marketing
797,Raeann,Jakoubek,24,rjakoubekm4@cocolog-nifty.com,Argentina,7/19/2022,false,2102.26 zł,Operations
798,Garrick,Escofier,43,gescofierm5@constantcontact.com,Poland,1/25/2016,false,6855.75 zł,Marketing
799,Darleen,Propper,44,dpropperm6@fema.gov,Canada,8/6/2017,true,9212.83 zł,IT
800,Valeria,Farloe,61,vfarloem7@bloglines.com,China,5/11/2017,false,3358.67 zł,IT
801,Arlette,Chesney,57,achesneym8@constantcontact.com,Niger,2/27/2020,false,9125.69 zł,Marketing
802,Denney,M'cowis,43,dmcowism9@blinklist.com,China,1/5/2020,false,4782.64 zł,Operations
803,Nikos,Neubigin,38,nneubiginma@posterous.com,Portugal,1/11/2013,true,6530.61 zł,Finance
804,Klemens,Poxson,57,kpoxsonmb@berkeley.edu,China,5/11/2016,false,4421.01 zł,IT
805,Daron,Chatteris,43,dchatterismc@mysql.com,Indonesia,5/12/2020,true,4793.89 zł,IT
806,Alford,Haverson,52,ahaversonmd@cnet.com,Indonesia,6/17/2018,false,3766.17 zł,Marketing
807,Blair,Poletto,23,bpolettome@forbes.com,Indonesia,8/24/2019,true,5162.24 zł,IT
808,Eloise,Marke,24,emarkemf@microsoft.com,Malaysia,11/5/2013,true,8546.35 zł,Finance
809,Taddeusz,Ilem,53,tilemmg@accuweather.com,Poland,4/11/2016,true,2205.91 zł,Finance
810,Margi,Aneley,61,maneleymh@guardian.co.uk,Brazil,9/24/2010,false,6773.40 zł,Finance
811,Slade,Witt,41,swittmi@intel.com,Greece,4/24/2021,false,7275.06 zł,Marketing
812,Phebe,O'Cullinane,25,pocullinanemj@earthlink.net,Thailand,3/21/2018,false,6007.60 zł,Operations
813,Ella,McJerrow,49,emcjerrowmk@cafepress.com,Philippines,11/6/2015,true,2795.99 zł,Marketing
814,Therese,Hartzenberg,27,thartzenbergml@cnet.com,France,2/3/2018,false,9453.29 zł,IT
815,Cyndy,Grolle,44,cgrollemm@amazon.com,Russia,9/20/2013,true,2552.44 zł,IT
816,Grantley,Pountney,46,gpountneymn@photobucket.com,Indonesia,5/27/2015,true,2748.98 zł,Finance
817,Lotte,Dyneley,24,ldyneleymo@alexa.com,Portugal,7/2/2018,false,5732.56 zł,IT
818,Marcelline,Sleford,54,mslefordmp@addthis.com,Russia,3/25/2011,false,6863.78 zł,Marketing
819,Brietta,Curro,37,bcurromq@independent.co.uk,Ukraine,2/13/2011,true,4691.16 zł,Marketing
820,Martica,Goodfellowe,38,mgoodfellowemr@bloomberg.com,Malta,3/3/2019,true,2433.86 zł,IT
821,Esteban,Bawdon,21,ebawdonms@bbb.org,Spain,7/10/2016,false,3852.55 zł,Finance
822,Padraic,Ewell,56,pewellmt@netlog.com,Mexico,3/13/2011,true,4897.84 zł,Marketing
823,Corissa,Mifflin,21,cmifflinmu@freewebs.com,Netherlands,8/19/2018,true,9202.71 zł,IT
824,Faydra,Klampk,55,fklampkmv@fda.gov,Israel,10/5/2013,true,8200.56 zł,IT
825,Maribelle,Halligan,64,mhalliganmw@yelp.com,Vietnam,4/19/2014,false,6276.13 zł,IT
826,Leigha,Burfield,28,lburfieldmx@nationalgeographic.com,Czech Republic,6/7/2022,true,3875.00 zł,Finance
827,Tova,Lewty,23,tlewtymy@godaddy.com,China,8/5/2017,true,3520.46 zł,Finance
828,Marsiella,Chantrell,53,mchantrellmz@histats.com,Lithuania,10/3/2012,true,4406.80 zł,Finance
829,Sophey,Chalfain,53,schalfainn0@techcrunch.com,Philippines,2/26/2011,true,7710.24 zł,IT
830,Bernie,Knighton,18,bknightonn1@fc2.com,Mexico,12/6/2010,true,4338.23 zł,Finance
831,Cob,Petrasek,44,cpetrasekn2@europa.eu,China,4/29/2012,false,5776.80 zł,IT
832,Minnaminnie,Majury,46,mmajuryn3@mashable.com,China,5/8/2013,false,3898.56 zł,Operations
833,Morty,Weedall,61,mweedalln4@taobao.com,Vietnam,2/14/2022,true,8329.64 zł,Finance
834,Aili,Lief,38,aliefn5@ihg.com,Indonesia,11/7/2012,false,9690.45 zł,IT
835,Paten,Hasley,35,phasleyn6@smh.com.au,China,8/18/2021,true,3336.34 zł,IT
836,Chaddy,Hazlegrove,62,chazlegroven7@t-online.de,Finland,5/6/2018,false,3727.71 zł,Marketing
837,Gwenette,Pieracci,28,gpieraccin8@weather.com,Indonesia,5/31/2020,true,7370.06 zł,Marketing
838,Paule,Pendrid,19,ppendridn9@technorati.com,Czech Republic,4/6/2014,true,8353.10 zł,Marketing
839,Melba,Barbisch,55,mbarbischna@stanford.edu,Armenia,3/6/2019,false,2795.72 zł,Marketing
840,Mauricio,Chaloner,20,mchalonernb@cargocollective.com,United States,6/15/2022,false,3431.60 zł,IT
841,Rochester,Rubert,54,rrubertnc@ihg.com,United States,3/1/2020,true,5741.22 zł,Marketing
842,Aubrey,Fadell,47,afadellnd@nsw.gov.au,United States,9/17/2018,false,7861.29 zł,Operations
843,Austine,Loker,57,alokerne@google.co.jp,Russia,1/21/2014,true,4006.73 zł,Operations
844,Reuven,Strangward,25,rstrangwardnf@usgs.gov,Japan,4/20/2010,true,6792.03 zł,Operations
845,Kendricks,Linge,46,klingeng@123-reg.co.uk,Nigeria,3/22/2015,true,2554.52 zł,Finance
846,Mark,Purcell,50,mpurcellnh@reverbnation.com,Palestinian Territory,3/14/2016,true,8926.02 zł,IT
847,Oberon,Terram,37,oterramni@ed.gov,Japan,8/24/2012,true,7109.70 zł,Operations
848,Garwood,Gosden,49,ggosdennj@state.gov,France,4/12/2014,false,3199.27 zł,Operations
849,Mason,Headingham,22,mheadinghamnk@flickr.com,Indonesia,2/21/2019,true,4324.92 zł,IT
850,Verene,Shilleto,33,vshilletonl@etsy.com,Peru,12/17/2018,false,3068.24 zł,Operations
851,Reynard,Tallquist,26,rtallquistnm@miitbeian.gov.cn,Finland,2/8/2018,true,7724.40 zł,Operations
852,Bettye,Steinson,32,bsteinsonnn@cafepress.com,Russia,2/19/2021,false,9324.79 zł,Marketing
853,Asa,Francke,64,afranckeno@auda.org.au,Vietnam,6/2/2016,false,8540.53 zł,IT
854,Olly,De Stoop,18,odestoopnp@opensource.org,China,3/10/2018,true,3920.71 zł,IT
855,Evaleen,Bedminster,36,ebedminsternq@eepurl.com,China,11/10/2010,true,4596.99 zł,IT
856,Daile,Considine,45,dconsidinenr@earthlink.net,Argentina,8/10/2018,true,6332.06 zł,Operations
857,Maddy,Nellis,26,mnellisns@networkadvertising.org,Indonesia,3/28/2013,true,6974.54 zł,Marketing
858,Francisco,Lympenie,45,flympenient@bloomberg.com,Malaysia,11/27/2021,false,2869.65 zł,Marketing
859,Leesa,Lafranconi,46,llafranconinu@blogtalkradio.com,Panama,1/2/2011,true,4767.33 zł,Operations
860,Rodney,Gosney,35,rgosneynv@mediafire.com,Philippines,3/3/2012,true,9526.00 zł,Marketing
861,Archy,Ilyasov,24,ailyasovnw@google.de,Dominican Republic,11/24/2022,false,5827.84 zł,IT
862,Angel,Jedrzejewicz,37,ajedrzejewicznx@pinterest.com,Brazil,12/30/2012,false,5974.99 zł,Operations
863,Augusta,Carnegie,44,acarnegieny@nydailynews.com,Portugal,9/7/2018,true,6593.12 zł,Finance
864,Milena,Corse,22,mcorsenz@slate.com,Portugal,3/19/2012,true,5798.77 zł,IT
865,Devin,Iacovone,57,diacovoneo0@edublogs.org,Russia,10/17/2022,true,5057.27 zł,Finance
866,Kellina,Drysdale,27,kdrysdaleo1@dmoz.org,Georgia,2/14/2012,true,6281.07 zł,Operations
867,Gradey,Gurge,49,ggurgeo2@fastcompany.com,China,12/29/2013,true,2903.02 zł,Marketing
868,Amby,Blackbrough,35,ablackbrougho3@dagondesign.com,China,8/28/2015,true,5966.48 zł,Finance
869,Brita,Kettles,64,bkettleso4@ft.com,Indonesia,8/5/2017,false,6722.57 zł,Marketing
870,Elvina,Gozzett,27,egozzetto5@bigcartel.com,Indonesia,3/2/2019,false,5141.97 zł,Finance
871,Fraze,Henriet,53,fhenrieto6@nhs.uk,New Caledonia,1/14/2022,true,8066.22 zł,Operations
872,Analiese,Pinnington,60,apinningtono7@360.cn,China,4/10/2022,false,2030.85 zł,Finance
873,Marybeth,Streeting,54,mstreetingo8@xrea.com,Russia,1/19/2018,false,4262.03 zł,Finance
874,Derk,Uden,33,dudeno9@sina.com.cn,Sweden,4/14/2010,true,9800.70 zł,Operations
875,Marlon,Showers,30,mshowersoa@arstechnica.com,China,10/7/2016,false,2472.01 zł,IT
876,Audry,Habble,57,ahabbleob@unicef.org,Nigeria,12/26/2022,false,6306.32 zł,Finance
877,Thornie,Enders,53,tendersoc@seesaa.net,Indonesia,9/18/2020,true,9415.13 zł,Marketing
878,Frants,Buckney,26,fbuckneyod@cbslocal.com,Czech Republic,9/19/2011,true,4706.08 zł,Finance
879,See,Crowest,21,scrowestoe@skype.com,China,7/17/2012,false,6097.65 zł,Finance
880,Cilka,Brokenbrow,61,cbrokenbrowof@free.fr,Poland,6/5/2017,false,7353.56 zł,IT
881,Cello,Buntin,55,cbuntinog@blogger.com,Indonesia,5/4/2011,true,8849.08 zł,IT
882,Bertram,Goodbarr,53,bgoodbarroh@oaic.gov.au,China,4/2/2018,true,8675.95 zł,IT
883,Ardelia,Edrich,54,aedrichoi@spiegel.de,Philippines,9/19/2010,false,8053.45 zł,Operations
884,Jody,Beatey,38,jbeateyoj@php.net,China,8/26/2017,false,3221.82 zł,Operations
885,Luther,Deguara,32,ldeguaraok@hp.com,France,12/25/2011,true,8239.82 zł,Marketing
886,Guido,Scruby,54,gscrubyol@imgur.com,China,8/12/2015,true,6861.22 zł,IT
887,Scot,Maxworthy,62,smaxworthyom@shop-pro.jp,China,5/17/2017,false,7947.48 zł,Finance
888,Alisha,Bare,63,abareon@flickr.com,Poland,7/12/2020,false,3813.10 zł,Marketing
889,Wini,Girone,36,wgironeoo@yolasite.com,Argentina,11/7/2012,false,3209.80 zł,Marketing
890,Tallulah,Gai,24,tgaiop@ning.com,Ukraine,6/11/2016,true,8452.64 zł,IT
891,Arron,Maren,64,amarenoq@meetup.com,Russia,6/29/2016,false,3022.08 zł,Finance
892,Rosetta,Cansdale,35,rcansdaleor@soup.io,Vietnam,5/20/2010,false,4026.22 zł,Operations
893,Galina,Tyzack,60,gtyzackos@de.vu,China,6/30/2013,true,2627.51 zł,Finance
894,Merrie,Crack,58,mcrackot@fastcompany.com,Ireland,6/2/2010,false,7421.76 zł,Marketing
895,Karole,Gaze,61,kgazeou@mit.edu,Greece,8/26/2017,true,8276.99 zł,IT
896,Eamon,Garland,44,egarlandov@unicef.org,Portugal,2/4/2014,false,2913.95 zł,Operations
897,Kay,Colly,53,kcollyow@noaa.gov,Peru,5/18/2013,true,5062.02 zł,Finance
898,Gerrie,Autry,54,gautryox@last.fm,Russia,8/7/2012,false,3783.35 zł,IT
899,Forester,Fulle,33,ffulleoy@com.com,Poland,1/14/2013,false,3524.18 zł,Marketing
900,Fredrick,Casse,45,fcasseoz@google.com.hk,Indonesia,10/7/2022,true,2181.22 zł,Finance
